id,resblock_id,resblock_id_text,dist_restau2017,dist_restau2018,dist_restau2019,dist_restau2020,dist_restau2021,dist_con_store2017,dist_con_store2018,dist_con_store2019,dist_con_store2020,dist_con_store2021,dist_mall2017,dist_mall2018,dist_mall2019,dist_mall2020,dist_mall2021,dist_gym2017,dist_gym2018,dist_gym2019,dist_gym2020,dist_gym2021,dist_cinema2017,dist_cinema2018,dist_cinema2019,dist_cinema2020,dist_cinema2021,dist_bar2017,dist_bar2018,dist_bar2019,dist_bar2020,dist_bar2021,dist_univ,dist_top_univ,dist_topmid_school,dist_mid_school,dist_toppri_school,dist_pri_school,dist_parks,dist_hospital,dist_bus2017,dist_bus2018,dist_bus2019,dist_bus2020,dist_bus2021
1,50000000000439 ,'50000000000439,120.5325421,113.2726512,113.2726512,116.5212651,124.3950607,121.1638961,121.1638961,117.0213312,117.0213312,117.371472,1447.421317,1181.588731,1446.423847,1448.794049,1099.769727,395.0883921,395.0317519,435.8297524,435.8297524,388.8448182,884.1096329,884.1096329,886.8302493,886.8302493,886.8302493,503.7263789,700.6428303,782.1072727,320.6683769,156.4001241,652.1365698,652.1365698,2094.668217,887.669763,3054.543324,148.3019351,553.044684,582.0054012,252.2510858,249.8552893,253.0518255,249.785825,249.785825
2,50000000000602 ,'50000000000602,52.96911095,52.96911095,52.63043407,74.85776187,56.90703196,177.6460083,177.6460083,177.6460083,177.6460083,58.22877936,728.8468663,728.8468663,751.2276641,751.2276641,1258.206193,848.7954591,423.9144484,940.8397237,423.9599855,738.8374847,1209.746083,1209.746083,1209.746083,1131.431543,1156.451937,488.4775756,488.4775756,488.4775756,621.399811,621.3378779,6479.099474,8065.215001,8887.750741,953.9540427,4905.143176,1078.812624,743.5570049,8479.19246,426.5113882,426.5113882,425.3823623,433.7996238,437.6939691
3,50000000000833 ,'50000000000833,175.4061021,175.4061021,159.35019,172.1503141,172.1503141,198.1595816,198.1595816,194.2298021,193.8118322,180.1828187,614.8408853,612.124116,611.0407736,609.8522261,1022.466887,811.0858094,449.0372747,372.4835294,374.3994299,374.3994299,1302.906334,1302.906334,1221.363449,1302.906334,1302.906334,861.7422212,861.7422212,861.7422212,620.0773482,705.3455717,3068.550228,7280.092667,2720.900551,186.8366299,2674.714121,728.1340934,648.763651,1116.005055,237.3088247,237.3088247,235.8002707,235.8002707,235.8002707
4,50000000001721 ,'50000000001721,225.4816363,225.4816363,89.2182099,228.7176761,229.4216902,262.9881319,262.9881319,262.9881319,262.9881319,260.253641,1585.659439,1585.659439,1581.985378,1585.101933,857.748149,573.2992511,769.1961871,432.1890512,799.7668918,431.6321446,1556.107753,1556.107753,1556.062419,1236.576954,1556.062419,671.2127829,665.7560688,731.34438,1076.979761,645.3896075,5231.215477,5231.215477,5220.33356,1946.837855,7305.571874,135.0094223,1243.268066,4984.098342,430.8047926,429.4258012,430.1284248,430.1284248,430.1284248
5,50000000006331 ,'50000000006331,117.4370288,117.4370288,117.3264382,43.5867827,43.33777865,117.0867368,117.0867368,117.0867368,118.5980599,118.5980599,1033.882777,1443.963655,1467.845428,1442.486193,1476.250724,495.5599162,380.7568176,112.1632228,112.1632228,486.0293274,1434.016642,1434.016642,1434.016642,1434.016642,1394.060011,953.1637322,953.1637322,953.1637322,1334.254034,627.0112608,5218.38571,5655.7505,1292.426563,387.4463883,1230.935317,1058.805958,592.8084003,1432.985313,148.9317857,151.1512153,151.6880915,151.6880915,153.4719334
6,50000000006333 ,'50000000006333,231.3789339,216.6715915,231.3789339,231.3789339,231.3789339,128.1785637,128.1785637,128.1785637,400.7092018,400.7092018,406.443173,406.443173,408.7201437,655.9488011,659.3629564,678.154803,326.0203106,304.9772055,276.8188066,304.9772055,2008.009332,1787.868193,1788.910226,1788.910226,2015.803487,263.0291082,263.0291082,263.0291082,314.7091866,314.7091866,6170.37435,8250.257777,6786.286524,1195.460864,8505.577595,1041.055922,1226.663494,1490.741138,182.016161,151.8939489,180.5724046,180.5724046,180.5724046
7,50000000006439 ,'50000000006439,126.9682588,114.3552043,134.5827252,134.5827252,133.3753676,241.4257621,241.4257621,238.7696211,270.2422353,106.7327119,1371.606405,1371.606405,1381.123196,1388.808028,1413.992431,542.9918963,547.8373443,256.5766922,256.5766922,550.9632993,1351.207214,1351.207214,1351.207214,1351.207214,1351.207214,809.8583866,809.8583866,809.8583866,1207.482228,1006.86755,5337.45955,5337.45955,1541.822888,894.4642571,799.5499357,786.8294872,342.6085524,1316.867058,431.6900408,432.7837227,432.7837227,432.7837227,429.6568568
8,50000000007945 ,'50000000007945,52.89589648,36.61702972,35.36122745,35.36122745,35.84811658,159.1937895,111.7890541,111.7890541,120.6993725,112.2685196,2458.37053,852.5949129,2464.121747,2464.121747,2533.794362,756.5731436,442.0500495,442.0500495,442.0500495,843.4974339,871.6535929,852.5871252,862.9242523,862.9242523,862.9242523,1017.319036,1017.319036,808.6661838,960.2303308,953.6001715,835.4978263,4368.167575,2110.834761,710.2783101,3114.377709,1163.420459,913.69391,1517.173485,323.2620092,319.7464719,323.3386818,323.3386818,322.1600677
9,50000000008386 ,'50000000008386,245.5026781,245.373912,235.7485458,239.4830327,301.776545,186.1825369,136.770346,136.770346,136.770346,285.9005708,2108.534949,1766.532319,1766.532319,2519.247956,2857.763554,388.6357209,388.6357209,388.6357209,384.8225895,385.1217415,2799.543063,2799.543063,2799.543063,2779.001553,2779.001553,1074.26897,580.9367625,1074.26897,681.0738017,674.0255168,3611.524418,9661.194803,9747.860544,1677.593225,13486.13962,1709.116704,1016.642816,9787.661179,281.0925203,281.0925203,282.2607032,387.7600921,387.7600921
10,50000000008448 ,'50000000008448,138.4755524,138.4755524,137.8215148,138.4755524,138.4755524,135.5461199,135.5461199,135.5461199,162.3054663,162.1774577,3708.531203,3068.658969,1739.888999,1739.888999,3706.379016,550.7263171,550.7263171,550.7263171,550.7263171,550.7263171,3650.779497,2470.788753,2498.003436,1218.343126,1218.343126,1232.747651,1232.747651,577.0279308,563.2971374,563.2971374,3120.216897,10989.29113,9120.379062,1134.638568,13325.48474,1367.109363,1821.259964,9837.104052,481.3916876,481.3916876,481.3916876,481.6230874,481.6230874
11,50000000009635 ,'50000000009635,61.80303956,61.80303956,61.80303956,19.20199125,43.09823649,53.81399014,38.4599256,25.42406384,68.2300116,49.3969086,3022.807489,2404.295007,1986.508465,1986.508465,3649.061192,1343.650165,1343.650165,1343.650165,1343.510893,1025.722639,3605.561082,3303.538819,3329.960571,1912.920899,1912.920899,1459.353412,939.2327325,661.3496306,667.1128387,423.8461124,3302.328422,10404.47419,9457.944369,1568.142724,13457.42442,1269.09231,1230.19913,9856.398889,379.3231657,379.3231657,370.7400415,370.7400415,370.7400415
12,50000000013716 ,'50000000013716,322.4337138,322.4337138,318.696185,480.3484164,282.9007725,341.6199648,341.6199648,341.6199648,335.9071418,335.9071418,4356.523797,4356.523797,2804.581713,2804.581713,4349.853451,1413.454288,1413.454288,1406.920401,1413.002172,1570.93111,4313.915499,1564.000907,1582.424677,1563.687613,1563.687613,1536.901322,1536.901322,1536.901322,1536.901322,1465.734511,3833.238084,12546.40679,8937.94786,1361.414991,13501.77844,1647.531366,1463.053295,10324.90375,310.7846114,310.7846114,311.4071297,403.1570587,403.1570587
13,50000000013731 ,'50000000013731,495.3462612,495.3462612,562.9328823,694.064563,478.5252206,471.8011691,471.8011691,471.8011691,580.1191771,576.8452185,1228.353131,765.5117383,1228.353131,1019.62362,1010.33148,848.7529823,393.4882956,848.7529823,849.1531653,870.0522342,713.2455352,713.2455352,763.8759679,763.8759679,759.5830093,1014.586709,1014.586709,726.6904328,270.6909997,743.1621785,3934.681299,8061.436857,3894.263612,1556.287857,6712.187233,1149.222292,663.1227545,4372.510281,663.9969971,663.9969971,654.7541418,493.9825183,484.89463
14,50000000014252 ,'50000000014252,118.2962708,134.9199326,142.6349779,213.0120029,213.0120029,75.77245787,72.84880215,72.84880215,165.7743061,73.30926603,1941.020909,1937.027498,1933.132156,1933.132156,1933.372378,1457.414878,1158.835356,1317.748903,573.0690306,683.6021758,1898.567877,1898.567877,1110.266693,1110.266693,1110.266693,615.0632473,862.2272213,862.2272213,1201.068684,1201.068684,1723.857207,1723.857207,4225.367748,787.1550109,5458.265359,802.5005508,1880.134275,4929.004429,48.94496032,48.94496032,48.48302401,116.9799852,116.9799852
15,50000000014957 ,'50000000014957,178.7564219,158.6952321,158.6952321,125.4020792,126.0625786,133.6363163,133.6363163,133.6363163,154.983272,139.73715,267.5151847,1557.776292,923.0180346,1558.27718,1558.27718,403.5469349,442.920369,274.5307341,264.0689644,264.0689644,322.7520959,322.7520959,322.7520959,344.0199419,341.4338048,819.414539,1052.446665,1031.530121,241.0497944,241.6514731,675.6682428,3210.964679,1297.579425,551.8043653,1776.128194,1459.682982,581.5505351,2458.229442,408.9525046,408.9525046,401.0075971,383.6831269,383.6831269
16,50000000020448 ,'50000000020448,143.721355,126.6914019,51.50127104,48.89011318,48.89011318,183.8682443,183.8682443,183.8682443,126.860031,124.2039948,2626.659205,2626.659205,433.0642107,430.4347582,391.0913867,490.643606,380.3129761,376.3260527,220.2044313,220.2044313,1967.50536,2530.929691,2546.215661,423.7576416,423.7576416,129.9187361,129.9187361,129.9187361,1793.555642,1536.178039,4153.408336,4576.827678,4058.138619,596.9737705,9241.674258,324.6720953,891.2742475,3582.990719,174.0790462,173.7182178,173.7182178,173.573385,173.573385
17,50000000030620 ,'50000000030620,36.25131266,36.25131266,25.9240542,36.8827543,42.35271963,46.38877076,46.38877076,46.38877076,46.38877076,44.90389142,796.270746,798.7987484,773.3927423,857.4917194,857.4917194,695.1164953,695.7740924,338.694396,338.2337255,336.9971708,1638.358128,1638.358128,1601.502502,1638.358128,1638.358128,730.7653755,730.7653755,730.7653755,699.5932226,696.4385984,3575.340025,7285.895877,3184.742726,682.0220205,3269.043905,189.0449178,1166.184616,1649.368678,118.3678026,120.140453,120.140453,120.140453,120.8703074
18,5010019885560690 ,'5010019885560690,142.7328585,142.7328585,68.8452788,111.820727,64.7990708,165.3870042,146.9198495,146.9198495,157.6260059,151.512216,379.7797958,379.7797958,363.8570828,363.8570828,358.45313,288.315292,293.6970766,150.963076,377.3914133,377.3914133,477.4444396,477.4444396,484.9925305,504.4576017,180.3623411,608.6701142,196.6531105,389.668054,608.6701142,388.0353642,3584.348863,3584.348863,270.7808735,270.7808735,2821.903407,470.7840988,514.8201139,1760.712173,186.5239037,186.5239037,187.2307293,187.2307293,187.2307293
19,5010021942603730 ,'5010021942603730,170.3947776,170.3947776,157.3124061,169.0562776,165.8411562,183.2204413,183.2204413,183.2204413,180.5032781,180.5032781,520.3194105,931.4951346,520.3194105,941.0028802,943.3955083,289.2691972,288.2007805,288.2007805,94.99842372,94.99842372,1041.781159,1041.781159,1042.651717,1063.428603,822.5834091,179.70748,178.974806,177.4159582,177.4159582,636.145121,3371.910776,3371.910776,614.600026,309.9392059,2011.167303,571.1271578,525.3599655,1154.037311,106.3517543,106.6994441,106.3517543,107.9169123,104.5894061
20,5010022184563010 ,'5010022184563010,51.27203158,51.27203158,51.27203158,44.99101709,44.99101709,79.50971338,79.50971338,79.50971338,80.24290943,78.72524037,1193.906079,1193.906079,1193.906079,1221.045416,1221.045416,1017.727852,879.6448948,273.5286707,273.5286707,273.5286707,1132.475461,1132.475461,1140.630125,1136.334913,797.1325954,449.9719088,449.9719088,449.9719088,450.891533,458.2051102,2593.843936,2593.843936,2549.304347,403.770997,1710.441012,809.8570815,934.2165742,3511.69998,80.58823267,83.68836794,83.68836794,99.77058816,99.77058816
21,5010022188232030 ,'5010022188232030,4.18091686,4.18091686,4.18091686,26.38652376,26.38652376,124.2950221,54.16694935,60.45290142,60.22023564,60.22023564,1352.202994,1352.202994,1352.202994,1382.428819,1382.428819,882.8031333,882.8031333,479.7364329,479.7364329,306.4033491,1156.958703,1156.958703,1166.336182,1161.351303,1027.723322,510.9218194,510.9218194,510.9218194,654.503244,369.9744362,2830.93857,2830.93857,2804.445855,217.991378,1963.867105,735.8571553,757.3090297,3494.483611,86.94081699,88.1185058,88.1185058,87.21635327,87.21635327
22,5010022437793980 ,'5010022437793980,42.72837263,35.52244281,35.52244281,46.70579095,48.04438587,45.65147814,45.65147814,45.65147814,55.35796201,55.35796201,720.6182662,720.6182662,702.5428082,702.5428082,696.4618877,631.906414,637.6603708,219.1103157,428.2081533,430.8880007,804.7550965,804.7550965,812.8905249,829.7802574,527.9655712,672.1947689,447.6195609,672.1947689,745.5327988,449.5216002,3932.165246,3932.165246,474.459988,474.459988,3052.991607,500.2524898,388.749602,2055.108399,152.9756033,152.9756033,152.9276449,152.9276449,152.9276449
23,5010023009006250 ,'5010023009006250,159.7099098,75.25584327,143.7820288,114.9132149,171.6362339,180.7085037,180.7085037,188.2326093,182.1765967,187.3692481,546.0856803,846.608105,546.0856803,853.8436204,855.5109801,354.5423944,353.6767485,353.6767485,95.2712324,95.2712324,961.9559996,961.9559996,963.6794876,985.3095027,718.2896578,177.9575586,243.2097445,241.6383888,241.6383888,531.3015583,3435.906035,3435.906035,492.6026676,289.2967087,2139.924839,581.5462323,531.9671759,1257.52963,221.8760427,222.3019173,221.8760427,222.6114756,221.0587361
24,5010023573139550 ,'5010023573139550,101.775416,101.775416,90.74336134,147.7431256,151.3911029,145.8291763,133.8772233,133.8772233,133.8772233,133.2911177,1708.704818,1708.704818,1724.100617,1560.382479,2428.771702,300.6938361,307.7144593,314.5077014,306.6999351,170.0604232,1708.704818,1708.704818,1733.005172,1741.929545,1741.929545,383.6889423,383.6889423,378.2990549,378.2990549,378.2990549,628.599887,3191.978669,2012.440464,173.5727864,2056.15516,694.4960698,404.81289,2471.837246,156.3544584,88.15847828,155.8161518,156.0631664,125.8551318
25,5010026311495290 ,'5010026311495290,313.0093551,283.7441841,313.5163853,312.4980189,292.3465113,314.6846718,314.6846718,314.6846718,342.634734,342.634734,486.6216741,486.6216741,489.0235479,489.0235479,492.4123774,892.50514,642.2665619,896.074468,561.1962789,896.074468,1055.143804,1055.143804,1052.955172,1052.955172,1052.955172,701.6619909,701.6619909,701.6619909,861.5857643,1031.406992,5417.690259,5417.690259,14399.61159,1603.474919,5120.635867,1768.160111,1588.630957,2492.324954,388.0742057,389.4400648,249.4662794,249.4662794,249.4662794
26,5010027008011640 ,'5010027008011640,48.06797742,43.47981092,56.34067398,56.34067398,57.75131704,182.5962161,200.4400642,207.2537853,176.3615255,78.29144227,1318.405605,1163.486239,1163.486239,1206.449125,955.7856495,54.92990287,54.92990287,54.92990287,314.3103407,339.6781343,688.058659,688.058659,688.058659,688.058659,688.058659,778.0688641,483.4890212,332.800051,329.9031844,285.8539613,2790.08972,3385.228047,3050.043903,476.1057903,2571.735151,720.8919302,542.0312469,2609.352521,108.1527143,108.1527143,108.1527143,108.1527143,108.2798505
27,5010027008011890 ,'5010027008011890,94.59771518,105.8221876,81.36279353,86.68055989,98.04478829,279.2332557,279.2332557,100.9696997,99.97098707,99.97098707,1010.580267,1010.580267,1006.030495,1002.891631,655.1116617,476.9912135,548.9698018,476.9912135,389.5105177,394.0898123,97.93070145,97.93070145,97.93070145,97.93070145,97.93070145,552.2357871,385.6326497,385.6326497,379.4910013,79.02759654,2637.597661,3365.848633,2926.932192,374.913589,2929.468411,862.7994625,1265.460629,2615.97558,114.0062988,110.0082926,110.0082926,241.9198079,222.361889
28,5010028026178860 ,'5010028026178860,163.6296272,199.6513379,199.6513379,336.9532057,290.8398805,209.2728937,209.2728937,209.2728937,297.7017577,209.2728937,407.3447285,407.3447285,405.1594138,405.1594138,405.1594138,962.2880324,962.2880324,962.2880324,968.1932219,494.0788101,2515.198431,2515.198431,2489.054876,2489.054876,2240.29363,449.0978955,449.0978955,1281.607821,611.7007592,1205.967474,6279.487745,9101.128563,6920.293437,1718.833585,8844.692297,1194.667172,1281.890371,2498.107937,280.6929915,280.6929915,281.079215,281.079215,284.0336597
29,5010028379025560 ,'5010028379025560,92.03731299,92.03731299,163.6755536,163.6755536,58.91250183,261.7726673,71.02428372,76.01658572,77.29890104,77.29890104,842.3423381,811.5005268,583.377774,583.377774,583.4957193,392.1133614,338.9487771,409.477813,409.477813,431.7142936,601.0178093,601.0178093,601.0178093,601.0178093,361.9308648,152.9367416,182.2526227,182.2526227,182.4680354,182.4680354,751.8727168,751.8727168,1384.078786,322.9136941,515.6522467,515.6522467,348.4657646,704.7149427,174.3352132,174.5671497,175.7405926,175.7405926,173.5909232
30,5010028561477020 ,'5010028561477020,93.93254455,87.48534277,106.666547,160.1760416,87.48534277,108.2657085,105.0922659,136.9361291,380.7832587,128.6131627,2128.957357,2128.957357,2128.957357,1838.441567,1838.441567,1576.35572,1159.542642,1139.632202,1140.675216,1128.96108,3201.860789,2366.368997,2353.892359,1790.973482,1790.973482,1155.516155,1155.516155,1155.516155,1174.264046,1174.264046,1889.547693,3333.856481,1051.448864,1051.448864,5890.771123,1323.522695,2340.794105,2681.427769,412.595411,412.595411,415.6603112,415.7346972,415.7346972
31,5010111331611170 ,'5010111331611170,84.72388727,127.1857164,110.8712087,123.5658764,123.5658764,257.6226932,257.6226932,257.6226932,251.1447716,109.7711686,699.0251696,699.0251696,704.5790948,1022.770157,1266.402304,127.2435193,575.1656073,127.2435193,127.2435193,127.2435193,964.3753521,964.3753521,627.2777706,627.2777706,629.2091963,94.42356266,94.42356266,94.42356266,94.42356266,94.42356266,192.8921733,192.8921733,661.9117962,651.8520635,1949.454925,799.5610758,931.7911525,576.3935838,205.3570584,205.3570584,205.3339844,205.3339844,205.3339844
32,5010179776361290 ,'5010179776361290,534.3440205,534.3440205,534.3440205,551.6149933,552.9882214,586.3444031,586.3444031,520.8027179,520.8027179,520.8027179,1127.341964,1105.041784,555.2004471,547.3092738,555.2004471,493.8171274,493.8171274,493.8171274,969.1043402,970.1087187,637.6837102,637.6837102,644.0296657,1134.150333,1134.150333,555.0073915,555.0073915,555.0073915,523.9918171,608.4072428,4820.393028,4820.393028,1460.558991,967.0513665,2386.012619,1161.603386,661.995056,1047.934474,692.1922054,692.1922054,692.1922054,696.4772384,696.6581463
33,5010201416871250 ,'5010201416871250,27.44376939,33.16498457,16.80449762,29.33594023,29.17227701,53.86097257,18.08611588,18.08611588,49.38236763,49.38236763,1275.468704,966.9421359,929.3545555,929.3545555,938.1026387,124.7308402,215.8809267,124.7308402,215.8809267,215.8809267,1263.207742,939.6776033,939.6776033,939.6776033,939.6776033,434.1965847,105.6445625,105.6445625,105.6445625,105.6445625,843.4824723,843.4824723,194.3080859,185.3420154,1853.794183,229.609986,305.5170381,530.4215285,88.10148637,88.10148637,88.10148637,89.68629041,89.68629041
34,5010270608469790 ,'5010270608469790,404.3445949,399.6768291,371.0056627,371.0056627,371.0056627,564.3815934,564.3815934,488.5233539,424.3813922,424.3813922,349.1301855,349.1301855,497.409592,479.0331106,479.0331106,418.737749,435.9031317,408.9733567,434.7501023,415.1933068,424.1596665,424.1596665,431.9000468,419.5136534,419.5136534,446.0848731,467.9083185,403.6345425,405.5594937,400.647291,7050.675638,7050.675638,19118.75153,1073.194584,323.2990764,323.2990764,2320.879039,17113.95183,338.4474041,338.4474041,338.914661,338.7525357,338.7525357
35,5010274068771440 ,'5010274068771440,11.9383212,11.9383212,5.650206486,36.07595403,5.052625685,6.199116378,6.199116378,6.199116378,14.00880028,14.00880028,615.7214668,615.7214668,613.8330489,614.884631,616.4861605,540.1539684,603.946889,319.6295984,317.6868449,317.6868449,600.8579983,600.8579983,600.8579983,600.8579983,600.8579983,345.8891276,345.8891276,630.2808746,628.4846065,632.4849944,580.7580488,580.7580488,846.7362465,611.4216533,832.9723671,389.3998053,483.9200987,933.1437152,69.71862637,69.71862637,70.46819139,70.62019417,72.67921373
36,5010293376725880 ,'5010293376725880,105.5409595,105.5409595,105.5409595,105.5409595,105.5409595,142.3550525,142.3550525,142.3550525,131.7881333,145.3413049,1174.4839,1174.4839,1174.4839,1179.396423,1174.521372,1120.458796,1120.458796,998.5670821,458.9654681,1036.342178,624.6237611,624.6237611,624.6237611,624.6237611,624.6237611,572.9768693,441.8393169,572.9768693,230.3421197,236.4521804,1512.507934,1512.507934,5564.049865,1359.380108,7769.267968,563.9632754,1780.112297,1817.071286,383.4192083,383.6955111,357.2540061,357.9120571,369.432925
37,5010295305057240 ,'5010295305057240,933.8828749,924.8062856,740.157083,627.527742,520.8393418,860.7465545,478.7654308,893.2588848,476.1391264,478.1183577,1439.539768,1439.539768,1437.358471,1128.132126,1438.75754,1200.898081,1206.89238,1168.803939,527.0187133,527.0187133,1908.032731,1908.032731,1906.185226,1901.794766,1901.794766,1233.53278,1233.53278,1751.290103,689.43214,689.43214,6080.630887,6080.630887,7004.978888,1750.945378,9547.584171,499.9177877,753.9657253,915.8597737,622.6060267,622.6060267,622.6060267,624.5648019,624.5648019
38,5010322005209790 ,'5010322005209790,114.8451162,114.8451162,114.8451162,114.3863245,140.9879395,124.5170396,124.5170396,124.5170396,191.5515704,191.5515704,636.0815561,636.0815561,636.0815561,671.5291417,658.7258751,271.5301012,233.7029832,271.5301012,271.5301012,271.5301012,701.5115736,658.7497915,701.833685,701.833685,669.7931357,128.4080425,124.850031,124.850031,124.850031,124.850031,222.5204762,222.5204762,353.3898205,353.3898205,874.7995824,310.4276651,372.761201,1086.944907,17.54224788,17.54224788,17.54224788,20.43939959,20.43939959
39,5010369413688710 ,'5010369413688710,474.5622398,379.4205927,474.5622398,452.6281509,604.2131213,449.090473,449.090473,449.090473,598.2957004,572.5517356,1258.761511,1258.761511,868.1513776,868.1513776,1256.645111,834.2214093,834.2214093,1295.688269,835.1634441,835.1634441,832.741303,832.741303,832.741303,832.741303,855.2600799,851.6336711,851.6336711,851.6746731,1017.060582,888.7346949,3282.238663,3282.238663,4183.707813,1231.571129,6774.626156,1385.723783,1339.55676,3394.918394,631.2971824,641.7542427,641.7542427,642.3271169,613.5762468
40,5010429816385060 ,'5010429816385060,222.5562797,215.9449616,222.6316837,223.2750286,223.2750286,41.37957897,41.37957897,41.37957897,41.37957897,41.37957897,1285.320031,1285.320031,1281.860917,1281.860917,1281.860917,714.4130562,714.4130562,712.0683739,706.0608531,706.0608531,1333.165889,1298.30107,1298.30107,1298.30107,1298.30107,894.0898314,894.0898314,894.0898314,894.7022046,521.0450746,5655.89991,5655.89991,7356.035906,1838.486554,9950.867285,563.6145335,381.4787747,2628.436749,254.3794587,254.7106271,202.456671,202.456671,202.9761627
41,5010429949554730 ,'5010429949554730,412.0910554,412.0910554,412.0910554,229.7598156,229.8930836,193.2036391,270.5737201,270.5737201,270.5737201,270.5737201,1386.148494,1386.148494,1387.992006,1386.99027,1386.99027,403.0072498,403.0072498,400.7015368,394.6266759,394.6266759,1388.129086,1388.129086,1456.136252,1461.882375,1471.144612,931.8880238,931.8880238,1205.573392,1167.570103,830.7628597,5345.847909,5345.847909,7087.051441,1531.597916,9681.395294,383.8051621,651.8536572,2728.30255,507.3143974,311.3741591,453.8457971,453.8457971,462.4280945
42,5010586131280060 ,'5010586131280060,62.48914407,72.72469129,72.72469129,80.68564135,80.81306404,162.1486015,152.4469059,164.1151768,165.2813332,160.6279426,233.2148882,226.9561268,233.2148882,234.9987554,227.4585464,192.2654258,191.7234868,191.7234868,241.3582883,241.3582883,230.9932624,229.6411045,225.5365169,198.9765602,198.9973071,241.6096755,236.8740062,236.8740062,54.4320546,208.6617966,528.0550246,528.0550246,851.4989994,82.81584486,315.809494,228.4570459,638.9922273,1169.923459,45.65820565,45.65820565,45.72996999,45.72996999,45.72996999
43,5010592198864550 ,'5010592198864550,50.44215522,50.44215522,56.71199876,58.84284442,58.84284442,138.1442452,68.5898516,90.47961491,98.3606345,98.3606345,818.5372588,822.5040162,836.2120714,879.1949701,884.823107,871.2105375,496.8180886,871.2105375,260.3842599,276.4567272,1002.218679,887.4105224,870.1323602,920.2035088,909.0900607,627.1867188,625.6950926,639.8609677,130.0953687,130.0953687,2159.438871,2261.717421,1565.419238,451.5186541,2624.11998,268.0134498,1047.015778,514.2891265,121.6511533,121.2127211,121.2127211,132.2180075,132.2180075
44,5010613625205480 ,'5010613625205480,224.9838564,255.1308214,252.2494922,230.4304224,233.154744,242.2080239,273.2493738,256.3459918,263.5468584,263.5468584,312.7041502,312.7041502,309.6404712,309.6404712,306.421053,104.1528331,121.0595831,120.7715379,120.7715379,120.7715379,338.0299872,338.0299872,337.8225828,337.8225828,337.8225828,350.1484985,350.1484985,322.4793503,325.2508163,314.9103995,5604.335541,5604.335541,14485.26028,1045.08559,4811.854313,991.5161463,847.6213976,1928.78409,194.4243954,194.4243954,193.5305214,193.2776413,193.5809271
45,5010613745789980 ,'5010613745789980,646.4014812,378.7009975,381.8221065,410.8189203,409.8415311,1183.999582,399.8019134,395.2688686,392.3716739,392.3716739,1034.690795,2543.244567,928.2541906,927.5849239,928.3787012,939.2433027,939.2433027,930.7487405,947.9852807,947.9852807,2572.169518,2580.853234,2555.557635,974.8810805,974.8810805,1490.604889,1490.604889,1490.604889,913.4124452,817.5133765,12569.60857,12987.33157,16567.20072,591.7923048,7312.261913,1026.456861,1736.22215,11683.63585,420.5635438,113.7691306,325.625443,325.625443,317.9027685
46,5010615935480260 ,'5010615935480260,185.1548313,313.9175637,240.7400422,240.7400422,301.4573908,373.5994577,236.8966965,236.8966965,236.8966965,227.7250004,1321.280549,980.0694287,1284.851382,1284.851382,1284.826211,720.0407674,672.4600965,700.0771259,331.9527216,331.9527216,960.9719411,1022.648574,1022.648574,1283.511397,1272.443437,995.0845727,439.5054738,957.0902171,631.1556372,331.9527216,1821.459364,1821.459364,7492.92137,718.9877902,8556.671057,437.357174,128.2633546,2204.920959,392.9111035,392.9111035,389.7946814,389.7946814,389.7946814
47,5010659404460590 ,'5010659404460590,119.9770244,122.0669214,119.9770244,119.9770244,160.2128653,149.5276925,149.5276925,158.9083277,170.4495872,157.0595915,2474.038069,2470.471821,2467.104417,2467.104417,1539.831501,900.827029,855.6187894,739.2686596,607.2766759,535.0795681,1939.590199,1939.590199,464.0854408,464.0854408,464.0854408,104.0986535,580.4030945,562.6265899,853.3341971,575.6634489,2104.47496,2104.47496,3867.003031,956.8990373,4834.345179,390.529204,1645.316708,4363.561105,160.120367,159.6236849,160.626171,160.626171,176.4157615
48,5010726255636600 ,'5010726255636600,834.9458778,905.4894835,787.9749842,876.0965496,882.0121758,262.7032854,911.4181503,911.4181503,309.5244076,309.5244076,2551.663141,1463.582922,1465.480541,2511.659089,2511.659089,1881.848012,1446.50736,1446.50736,1459.787308,1456.375657,2561.230438,2251.375429,2251.375429,1690.762293,3387.569867,2475.894322,2475.894322,1910.222115,1910.222115,1910.222115,5096.679332,11199.08282,11641.28046,2241.559488,2770.522023,1290.34198,1227.78659,3427.397748,268.41844,266.8119908,266.5896566,265.790616,265.790616
49,5010726867480110 ,'5010726867480110,106.8048836,51.50811141,80.37075304,105.4406819,55.58002029,41.27093568,41.27093568,41.27093568,37.54377032,37.54377032,421.9368473,421.9368473,457.2845284,1208.91488,1253.798172,251.3834616,251.3834616,251.3834616,260.5330523,260.5330523,421.9368473,421.9368473,430.9405991,449.4943893,449.4943893,341.4818489,341.4818489,344.2854757,344.2854757,327.8591856,276.3395573,3257.237481,1864.685877,389.9222872,1456.117609,69.17437013,739.2614133,2396.64033,77.41702091,79.8514762,79.8514762,79.8514762,79.8514762
50,5010769441501760 ,'5010769441501760,281.5758071,286.1671733,32.23706414,31.48370399,31.48370399,289.784425,289.784425,287.5254783,287.5254783,291.0666267,896.5756625,896.5756625,896.5756625,896.5756625,891.5559329,917.6391403,896.6017279,836.0730194,837.7365506,916.6239882,851.7324097,851.7324097,851.7324097,851.7324097,851.7324097,1505.173142,764.1702967,909.2458495,840.4548128,916.586685,1888.158176,1888.158176,2976.078692,544.1405975,5543.900909,411.3849421,308.1119335,4433.843288,233.1369787,233.1369787,233.043732,230.8945921,230.8945921
51,5010771466825890 ,'5010771466825890,102.3129055,102.3129055,326.335235,318.4837208,281.9864831,321.3737274,99.46825647,321.3737274,322.771562,322.771562,2777.439582,2776.971691,2889.089512,2885.960955,1228.662262,1267.276052,1222.503611,426.8687191,428.0967396,426.7443076,1834.321936,1834.321936,1341.288862,460.2411048,425.9905333,354.7145952,394.9430137,394.9430137,803.5949776,599.2986593,2399.502226,2399.502226,4382.424724,1540.618092,4518.073955,839.9390976,735.9298951,4457.296662,277.6404464,275.6111726,275.4224125,275.4224125,275.4224125
52,5010774916640520 ,'5010774916640520,74.70458645,82.64752562,82.64752562,151.4410391,264.9075407,79.94385027,79.94385027,77.04189413,73.79073188,73.79073188,588.231198,702.2839195,501.4646901,700.2339277,700.2339277,535.1036424,494.0158276,532.4305533,528.8067599,535.9416339,512.763146,512.763146,515.1288687,515.1288687,515.1288687,472.2021019,472.2021019,472.2021019,472.2021019,472.2021019,1019.876809,3635.563377,1868.1172,289.7363825,1518.586951,668.7264478,398.6032912,1157.237691,112.6379277,112.6379277,112.6379277,108.4674855,109.4661708
53,5010774916640700 ,'5010774916640700,39.20481114,27.17583494,49.36123444,46.32816786,17.0748715,94.43011591,94.43011591,95.43158044,42.0431637,28.8456097,93.71133024,93.71133024,89.39532837,88.00427933,88.59102024,282.6661976,211.6650969,87.90496089,86.47782833,290.1257931,368.4237538,368.4237538,343.1175094,343.1175094,343.1175094,127.4996237,233.7166278,368.4002632,294.9853313,276.5809842,1374.367595,1374.367595,84.1427107,84.1427107,312.7416888,312.7416888,725.9268188,106.6026289,15.93647871,15.93647871,17.4653497,21.77514518,22.52114452
54,5010841081262470 ,'5010841081262470,25.26241325,25.26241325,31.64940056,31.64940056,298.185936,41.39223908,41.39223908,41.39223908,41.39223908,24.98265802,1582.665978,1582.665978,1583.548694,1585.655926,1904.536003,1506.14576,1209.772487,1209.772487,1300.419153,1300.338461,1724.71731,1724.71731,1724.71731,1904.154173,1465.118653,724.1822392,724.1822392,1592.198697,1174.560605,1533.661581,3952.835019,3952.835019,3885.057518,1827.700185,4121.150773,937.2953532,928.4016066,3986.967366,99.20134405,99.20134405,99.92945689,99.92945689,100.1930773
55,5010907229630020 ,'5010907229630020,254.2507647,240.4696396,366.2457197,361.9976503,267.9900569,271.4654679,271.4654679,271.4654679,366.4424111,514.9305526,1958.091537,1107.956761,1525.926747,1344.050962,1348.613779,662.1712987,507.1267418,507.1267418,662.1712987,662.1712987,1058.996603,1058.996603,1084.15988,1084.15988,1120.166555,1053.246562,1053.246562,1019.04837,683.0981053,339.2646947,3204.939542,7332.380428,3705.841538,1855.395204,5990.628994,905.7433102,393.5157751,4453.127344,340.5413374,340.5413374,334.8866073,259.0144988,283.4093456
56,5011000000006 ,'5011000000006,75.48943648,75.48943648,75.48943648,82.66796277,80.37277621,77.41982137,77.41982137,67.4358915,80.66274212,85.07162189,732.3798446,732.938396,732.938396,726.6605228,726.6605228,623.561592,545.6244542,134.9731517,540.8615728,140.9986074,806.6657895,806.6657895,800.2292452,800.2292452,800.2292452,249.2258257,250.4555979,245.8890679,239.1598633,101.7979143,6259.82292,6259.82292,8644.513141,159.3870345,10316.61055,258.4806458,333.5395225,10499.12452,79.01833691,79.01833691,77.91119203,77.91119203,78.34726851
57,5011000000015 ,'5011000000015,104.5871604,121.2556411,120.7243304,117.8171064,120.6286241,130.6427119,130.6427119,138.8314155,134.2475644,123.14721,1882.661965,1882.661965,1901.982645,1835.365264,2443.723999,140.6015901,120.5483925,127.8782623,121.7804058,121.7804058,1882.661965,1882.661965,1905.327154,1916.266954,1916.266954,589.1222737,589.1222737,582.5929135,356.1434258,582.5929135,432.3810877,3460.143373,2287.043969,170.4484742,2305.65162,875.3899872,605.3434032,2525.112164,207.5424371,206.0903138,205.0467175,218.2659956,218.4415143
58,5011000000019 ,'5011000000019,146.6560497,147.4634015,109.6583664,92.56366815,92.56366815,374.3812971,374.3812971,81.87375427,79.04228398,79.04228398,2191.2155,2195.722986,848.0776127,844.4383957,845.2212609,235.8738345,235.8738345,184.1770189,242.2109517,178.843752,2102.038586,2102.038586,177.6733645,155.9912284,155.9912284,314.6497479,242.0446081,242.0446081,318.9043294,579.7622968,2838.731351,2838.731351,21603.61329,52.88308634,1856.109323,382.5911804,730.722664,7552.342662,56.46248036,57.5322223,43.0080117,43.41982906,34.73697631
59,5011000000033 ,'5011000000033,63.72890703,69.39771383,69.39771383,69.39771383,78.81503746,64.21510054,64.21510054,65.08298423,65.58503661,65.11712049,425.6289738,425.6289738,427.7969147,428.1332125,427.5673365,241.4003166,241.4003166,241.4003166,241.4003166,439.2189286,656.6007875,656.6007875,652.7327519,655.2228917,655.2228917,367.7733597,294.2558234,490.877472,408.6618449,408.6618449,138.3485444,138.3485444,20118.12408,155.8418621,1123.981633,624.1401284,292.1224283,4867.549373,254.940894,254.940894,254.940894,254.940894,254.940894
60,5011000000036 ,'5011000000036,599.3267334,599.3267334,599.3267334,599.3267334,599.3267334,730.3786062,730.3786062,729.078543,596.9609457,802.2843171,1332.791252,3036.911678,1228.725726,1230.395626,1231.347801,918.7533347,918.7533347,892.1338918,946.1177016,946.1177016,3074.479481,3085.011877,3055.335533,1194.181095,1194.181095,1848.53928,1848.53928,2354.276656,1122.599758,1230.181183,13077.23737,13581.43582,17429.40949,823.6235283,7354.366779,1544.012644,2345.717961,11675.56539,729.8943521,173.7570327,646.5433564,646.5433564,646.5433564
61,5011000000039 ,'5011000000039,55.00648661,50.83426839,50.83426839,48.71797023,49.33359211,80.93258477,127.529874,81.62002958,155.293984,155.293984,925.2970234,925.2970234,922.9101064,605.5944181,925.3855105,282.6896223,267.0489568,267.0489568,267.0489568,322.3525664,600.7406874,600.7406874,600.7406874,600.7406874,600.7406874,192.6551957,431.86567,547.551348,521.4081344,378.2205307,1110.198194,1110.198194,326.6719932,326.6719932,803.2994625,158.1665487,786.3183343,1072.331905,145.2793858,145.312711,148.8241429,148.8241429,148.8241429
62,5011000000042 ,'5011000000042,3.749176128,4.629012879,6.680277772,12.88627596,7.244054933,24.34108483,24.34108483,24.34108483,76.20038349,47.59885924,95.55489108,95.55489108,96.56489781,16.19401602,16.19401602,174.0062759,95.71249875,184.7441531,184.7441531,199.7399345,81.97503528,81.97503528,81.97503528,81.97503528,81.97503528,57.6600504,45.6364366,45.6364366,23.54767464,67.80041267,884.7926617,1078.223978,1403.307849,390.9939682,1568.330356,594.2323081,742.8077687,1043.122322,130.378162,130.378162,192.0320968,191.8250462,190.190072
63,5011000000061 ,'5011000000061,198.3563769,198.3563769,198.3563769,169.0287561,57.63011858,227.4137628,227.4137628,227.4137628,198.0178446,173.4814492,765.2833889,765.2833889,763.5143958,1744.843337,1744.843337,662.6124162,662.6124162,660.8403084,628.7990882,663.4540069,455.3378228,455.3378228,455.3378228,570.884344,570.884344,861.7129051,607.7527327,605.3668993,155.1739596,615.0788818,5119.155759,9959.065597,3625.262517,635.3666663,8297.567403,1271.815472,880.5831668,6255.351152,244.2720089,244.2720089,244.2720089,244.2720089,244.3116318
64,5011000000063 ,'5011000000063,4.32221448,4.32221448,4.32221448,4.421398657,4.421398657,49.95202563,7.403175488,21.11120459,17.16194433,17.16194433,753.871551,753.871551,755.3921492,754.0480935,753.871551,70.78501663,70.78501663,69.10420659,69.10420659,138.9546666,457.1303053,421.6653038,418.4538753,429.1763302,429.1763302,401.0192773,77.14799639,299.5032339,299.5032339,296.2148026,331.3478382,1515.174932,584.7898024,164.2957883,284.7837389,284.7837389,432.222514,887.8180977,25.22627065,24.43258116,23.87929068,22.2994386,22.2994386
65,5011000000065 ,'5011000000065,53.05661362,52.69956065,47.56297604,47.56297604,47.56297604,135.1403039,118.8543999,118.8543999,104.1611159,54.81573306,261.9501237,335.5072839,262.0734857,271.6933048,271.6933048,150.5356324,150.5356324,150.5356324,160.5045339,160.5045339,272.1505641,441.483074,267.0382671,256.703921,215.6827815,259.7561061,164.0999288,90.98787849,88.45509193,214.7309439,983.9217906,983.9217906,790.7249214,297.8016352,826.7568718,352.3045223,838.7575021,404.483233,254.6027338,254.6027338,254.6027338,230.7990108,230.7990108
66,5011000000067 ,'5011000000067,30.54611488,30.54611488,30.54611488,78.21675282,30.81406064,131.5126651,131.5126651,131.5126651,181.4116205,182.8492448,919.4828267,592.8056268,555.5390313,211.7056593,956.9606772,297.9403826,297.9403826,64.57758834,110.2766543,118.5963079,1292.00085,569.8650068,569.8650068,569.8650068,569.8756276,277.3687259,277.3687259,273.3310363,273.3310363,266.6664648,2674.926042,3684.071813,295.5148041,275.0536998,521.5008606,519.4044782,348.8291074,389.3063143,182.0149203,182.0149203,182.0149203,181.5067314,181.5067314
67,5011000000072 ,'5011000000072,127.0277251,127.0277251,143.5693223,146.217591,150.084131,18.39318579,18.39318579,18.39318579,120.0337079,140.7141749,257.1001983,248.6339748,321.099628,330.9919023,321.099628,210.790443,210.790443,240.2978237,265.7931991,340.9551631,232.7988884,232.7988884,229.2562726,263.7554549,263.7554549,207.316084,272.795728,149.7056279,149.7056279,149.7056279,5055.830868,5055.830868,946.066933,306.6711275,1815.621805,487.3619059,219.0086428,380.9550633,152.1299932,157.0122189,157.0122189,157.2957233,157.2957233
68,5011000000073 ,'5011000000073,32.53191339,49.4831519,64.29074054,148.5728756,148.5728756,218.9572214,165.9460897,218.9572214,289.9427748,289.9427748,1118.438693,823.6089241,735.3116385,735.3116385,735.3116385,361.4104588,361.3288143,361.3288143,361.3288143,361.3288143,401.3662068,401.3662068,321.9537616,321.9537616,321.9537616,347.3972632,347.3972632,347.3972632,490.7706033,416.8756042,2200.34797,2200.34797,351.3300016,288.8524878,104.5666877,104.5666877,986.5155803,1172.617326,315.9450225,315.9450225,315.9450225,315.9182159,315.8601488
69,5011000000083 ,'5011000000083,49.39242788,51.52722457,33.54280873,64.41357127,64.41357127,127.3887272,100.7775618,99.10445066,99.10445066,95.47591871,300.6472665,300.6472665,300.6472665,300.6472665,295.189339,122.1136839,39.66684841,122.1136839,124.2199585,122.1136839,192.1730308,192.1730308,338.8750766,338.8750766,365.7103465,78.44204738,100.4652678,94.4027997,79.82001977,79.82001977,1144.944208,2440.457218,644.1335532,284.4720046,1510.058493,343.2778626,679.9954501,288.5563571,247.5026426,247.5026426,250.7511694,245.9229937,251.9855251
70,5011000000096 ,'5011000000096,248.740553,320.5618015,199.1522731,235.8342305,236.0242615,269.0794855,254.6346649,264.6227803,213.7662687,319.312304,2349.976719,2349.976719,2391.070312,2391.070312,2437.884133,315.4386456,315.4386456,315.4386456,310.6946936,310.6946936,2370.293179,2370.293179,2341.884115,2332.243333,2340.606514,732.1790774,732.1790774,732.3791416,685.7613714,599.2423339,2613.677021,2613.677021,2243.003015,823.6783234,5144.90385,606.5365637,1059.142807,2745.895439,340.7643851,340.7643851,340.7643851,340.7643851,340.7643851
71,5011000000102 ,'5011000000102,70.46966561,70.46966561,80.61423477,95.22347852,105.0112613,66.17739458,150.3863138,150.3863138,150.3863138,169.495802,453.734875,453.734875,453.734875,454.6924861,451.4609997,455.3769246,455.3769246,455.3769246,398.2410934,391.4087931,420.3652599,420.3652599,416.6497108,422.2139717,414.4396017,400.5394878,268.5253407,268.5253407,268.5253407,268.5253407,261.6874496,261.6874496,107.3129774,107.3129774,676.4658689,299.4992525,384.3009785,983.9393679,155.0926978,154.383467,158.4956436,162.1965903,170.6685437
72,5011000000115 ,'5011000000115,146.1170061,120.6810717,164.1193876,108.3569944,108.3569944,75.46436199,75.46436199,75.46436199,75.46436199,75.46436199,1439.674092,715.999068,670.4445872,673.6634449,673.4263934,216.0344239,216.0344239,216.0344239,315.5120943,244.8405162,414.4790964,414.4790964,401.6625734,314.61393,414.4790964,309.7103655,309.7103655,487.2894442,272.8529612,350.4887822,1057.708033,1057.708033,408.067286,159.480553,1541.520221,562.7607152,590.6867222,371.2712155,218.4622734,217.5410786,217.5410786,217.5410786,216.905778
73,5011000000117 ,'5011000000117,176.599497,186.9863836,179.6309551,179.9355041,181.8762474,182.1467427,182.1467427,176.3721282,176.3721282,176.3721282,656.8792419,721.4712644,656.5685306,427.2865805,664.8501985,475.7054321,213.0419416,311.8453222,302.0253804,311.4294658,665.0322456,826.8303061,659.4894345,659.4894345,528.8749168,541.106206,394.3589826,386.589424,194.869169,502.5276968,900.2137294,900.2137294,744.6262651,253.8379041,869.2252933,79.1209325,887.6769071,284.3259859,202.7507935,202.7507935,199.5571567,200.5278619,200.7069652
74,5011000000118 ,'5011000000118,222.1844664,216.1004826,171.5774335,184.7709228,211.0569243,224.83665,224.83665,224.83665,232.9841059,232.9841059,692.1001654,692.1001654,671.1635426,671.1635426,664.3240333,651.4109539,656.2052241,219.0605058,404.5673778,410.9992481,752.7945665,752.7945665,761.2545333,774.4245939,537.7482247,809.6879268,401.564255,704.5783256,881.6530876,619.1636351,3913.643649,3913.643649,577.7231223,577.7231223,3167.262877,470.1598391,232.3130935,2128.128616,131.7120589,131.7120589,131.2686574,131.2686574,131.2686574
75,5011000000122 ,'5011000000122,158.7572675,105.1951944,127.9825586,79.43827324,113.6114458,180.1936978,152.46406,206.0199493,185.0345015,173.2830433,836.2113043,836.2113043,825.3231321,825.3231321,821.3345634,680.3996804,686.7152924,454.0784423,612.2784488,613.8177286,947.99582,947.99582,954.7742319,975.9389643,617.7630699,436.7207012,270.1143099,440.7151631,438.1318571,145.0626786,3935.406487,3935.406487,392.4408408,331.9114632,2810.499933,482.746612,141.0274995,1902.349097,102.8444239,103.3975005,103.3975005,102.3772516,102.3772516
76,5011000000130 ,'5011000000130,271.7946465,79.27252574,267.5327269,129.3810381,277.7935565,307.5610592,71.27542284,307.5610592,420.8139024,313.0169742,615.3239873,615.3239873,615.3239873,620.7449421,620.7449421,254.0798417,254.0798417,254.0798417,254.0798417,535.8110713,633.8087414,633.8087414,586.1465478,573.0617005,586.1465478,568.4127335,339.6011473,339.6011473,588.3432954,507.3084054,4298.840805,4298.840805,9267.727138,1121.43107,10482.65233,525.9883034,374.6877005,301.8874631,206.3784918,206.3784918,389.8919478,206.2654412,395.3276229
77,5011000000143 ,'5011000000143,137.0129292,137.0129292,137.0129292,189.9704099,248.243051,210.7367162,210.7367162,210.7367162,270.6273509,259.2057281,986.2037637,584.3888217,584.3888217,987.4263193,988.657245,80.58167478,80.58167478,146.5770297,112.890877,146.5795874,223.1988099,223.1988099,1637.651673,1651.742827,1651.742827,395.588084,395.588084,395.588084,384.1994281,384.1994281,480.1679068,5257.110537,826.4079562,817.4106039,1942.291498,881.9063689,1273.812288,2825.838684,180.2309678,179.5026197,182.0251936,182.0251936,182.0251936
78,5011000000146 ,'5011000000146,139.0111175,139.0183631,127.3256337,88.16539476,88.16539476,257.1549529,257.1549529,222.4485269,151.7003889,151.7003889,811.7568674,811.7568674,774.1063145,950.7310093,950.7310093,381.1666321,448.8528475,425.6778397,193.7366352,193.7366352,467.6191737,467.6191737,467.6191737,467.6191737,467.6191737,363.2403689,330.4667584,330.4667584,229.1958779,380.1417843,1097.15771,2325.294152,1076.733396,551.1184169,442.5104623,442.5104623,793.5942987,1562.287442,313.8255211,313.0334527,313.0334527,314.5016982,314.8513287
79,5011000000147 ,'5011000000147,20.78736283,258.1484523,249.4691039,244.5115522,226.0050818,229.8563792,229.8563792,229.8563792,229.8563792,229.8563792,1092.169046,1092.169046,1093.053234,1091.775949,1217.354693,867.6350653,375.7641973,228.0507673,228.933977,228.933977,1109.947991,1109.947991,1109.947991,1235.4724,834.0682596,546.4691995,546.4691995,1081.689478,243.166673,950.2411239,3221.86547,3221.86547,3857.092553,2263.283953,3136.003388,670.5478514,801.7447198,3414.412897,296.2605139,296.2605139,69.67105699,35.58862827,36.13200138
80,5011000000150 ,'5011000000150,307.2169081,307.2169081,167.4992071,164.5627382,159.1139845,163.8072998,162.2919687,162.2919687,214.5593158,206.5015423,723.7742913,1006.556684,723.7742913,1184.390542,1194.167055,633.3058271,663.3244511,324.6483607,197.5099873,201.782858,1171.635719,1171.635719,1164.295717,572.0233051,1162.288484,1087.754083,1078.911144,1087.754083,710.3577577,602.5925258,2181.115129,2181.115129,1392.787753,237.6917739,1825.681172,333.0670032,916.5295989,612.8551736,391.4012228,272.2222028,191.965991,191.965991,191.8995094
81,5011000000153 ,'5011000000153,201.7610543,179.6559977,401.1206458,435.1354942,401.1206458,220.2917947,213.7224412,213.7224412,312.0323868,375.975047,997.2409124,997.2409124,998.8287521,998.2222842,998.2222842,861.0659242,807.1021193,808.0212638,807.1021193,807.1021193,1003.810433,1003.810433,1053.87947,1056.292955,1058.209943,929.2292667,738.7623716,773.5336023,772.452789,772.452789,4583.19079,4583.19079,5789.871102,742.7123438,8376.55659,1202.203578,996.1098731,2206.983668,569.6133765,569.6133765,552.363277,552.363277,552.363277
82,5011000000154 ,'5011000000154,26.46975655,26.46975655,26.46975655,26.46975655,26.46975655,34.62262266,34.62262266,30.29682619,30.59044332,36.29340209,124.2085405,118.6620255,117.8184865,117.8184865,154.114389,88.99131682,79.55526061,103.6267619,97.91114354,58.8637196,87.35053789,87.35053789,87.35053789,87.35053789,87.35053789,398.5385032,395.0991384,395.0991384,148.2828069,376.010029,2366.113535,2701.477057,388.5682131,388.5682131,3032.452433,773.7768365,817.5548797,830.196659,110.9783419,112.3267608,112.3267608,113.152562,114.9113282
83,5011000000155 ,'5011000000155,82.09869629,95.17959213,83.21743418,83.21743418,105.5275633,86.67065867,86.67065867,86.69160623,86.69160623,88.94262882,320.3686075,320.3686075,323.9950613,323.9950613,324.7084173,131.9678427,135.4229685,318.6744148,318.6744148,318.6744148,441.5588997,441.5588997,444.8662705,467.5215963,196.7385804,537.4748356,290.5738811,319.2801074,445.5176084,336.1094389,3336.051332,3336.051332,218.9614708,218.9614708,2513.316863,693.9115615,560.8778284,1443.262576,266.6168317,235.4962149,270.1328371,270.1328371,270.1328371
84,5011000000157 ,'5011000000157,596.5840681,558.84682,585.9610055,298.2376456,295.5065656,596.8098115,596.8098115,613.2728431,596.8098115,596.8098115,1890.880535,1890.880535,1891.697812,1891.697812,1892.492851,1864.497144,1864.497144,624.885427,622.9952932,628.9508732,2485.512855,2502.355595,654.0328181,698.6087836,699.9000252,876.718374,882.9676935,2619.50665,1153.917946,1291.342214,8931.953182,8931.953182,4172.083682,945.3474054,13170.77611,745.4458784,1105.886437,5933.455927,380.3739693,380.3739693,331.2811046,331.2811046,331.2811046
85,5011000000158 ,'5011000000158,271.5500954,271.5500954,271.5500954,281.9913845,281.8763229,196.8548536,291.8691274,298.1602445,298.1602445,305.6311801,1004.824151,1010.502092,409.3299533,413.3591444,413.0733896,617.1634209,617.1634209,402.6903825,402.6903825,272.0790725,892.1988974,892.1988974,903.9913735,351.4469618,351.4469618,339.3859593,339.3859593,339.3859593,339.3859593,353.9008727,1630.670014,1630.670014,20851.55047,213.6531527,669.5273988,584.2082261,148.5966475,6369.988864,242.898135,242.898135,241.4250886,241.4250886,243.8452542
86,5011000000163 ,'5011000000163,81.90133363,81.90133363,67.82172748,70.91596186,70.84044607,154.3887625,154.3887625,159.9580838,159.1549137,113.7511047,813.4927413,528.3617645,766.7845435,766.7845435,766.7300595,201.867588,156.7985629,182.2038676,182.2038676,182.2038676,615.4585688,676.7569734,676.7569734,765.7820048,754.580101,660.7522273,79.72806876,438.6846617,113.1807006,672.8003934,1422.065165,1422.065165,6978.507287,368.7222211,8110.970874,121.3371547,644.9392455,2722.423817,136.1543011,136.1543011,138.8392886,138.8392886,138.8392886
87,5011000000174 ,'5011000000174,54.53617883,54.4296481,53.13360217,26.45234549,25.76045637,69.12407389,69.12407389,69.12407389,65.8700881,65.8700881,400.5332404,1506.732301,586.8215928,1495.572821,1495.572821,327.4571972,161.489442,317.0199265,327.4571972,207.7674784,150.9716927,150.9716927,141.0188838,325.5954521,325.5954521,319.0425214,319.0425214,311.5673055,572.3259655,334.7355797,1932.124785,5536.987548,1403.911133,750.7559798,2653.924017,912.8069879,385.9768037,1502.858498,278.464025,279.7687264,278.6372543,278.7535394,278.7535394
88,5011000000175 ,'5011000000175,62.79717171,62.79717171,60.39534252,52.05164803,52.05164803,73.56408633,73.56408633,73.56408633,90.64579833,71.78324539,255.0112566,255.0112566,238.55972,238.55972,1450.368491,1323.41493,1323.41493,1323.41493,314.0486877,218.9034563,1410.413137,1410.413137,1410.413137,1394.617394,1410.413137,83.10467823,83.10467823,88.60096176,83.70817325,82.43202699,5542.148979,8703.462665,8891.677405,459.2644377,4720.050787,950.1093809,277.5386841,9429.522614,142.556549,113.2714549,113.2714549,113.5358432,101.2123157
89,5011000000176 ,'5011000000176,261.7703897,169.0594303,169.0594303,65.5613412,65.73967308,362.0636751,362.0636751,362.0636751,63.87453138,157.9066349,786.6647973,786.6647973,787.6792458,787.6792458,787.6792458,573.0047116,627.8825791,627.8825791,649.5635447,768.8287689,842.7249679,842.7249679,827.3298271,1432.520821,1432.520821,261.7703897,584.3027284,584.3027284,644.659256,705.6785361,1717.983104,1717.983104,18129.12722,670.0458177,2177.523734,964.4376569,1092.295361,4167.07256,203.8349776,202.8548926,202.8152771,202.8152771,202.9154922
90,5011000000177 ,'5011000000177,304.2242073,315.5160454,315.5160454,186.9343205,172.6439753,218.1981913,218.1981913,218.1981913,190.4429251,216.7323709,763.9519582,763.9519582,765.7430043,765.7430043,765.7430043,315.5160454,185.9294288,315.5160454,183.3601668,441.0520772,568.6016269,568.6016269,543.0495896,872.5844473,872.5844473,361.283797,361.283797,361.283797,317.5418469,531.7388949,1011.01739,1011.01739,18794.71315,798.5906807,1569.900897,677.6557254,417.0970436,4335.713853,37.3267089,68.10749818,70.12018169,70.12018169,70.2051584
91,5011000000199 ,'5011000000199,381.5495493,381.5495493,355.8365404,394.5860184,551.8372374,406.1815771,406.1815771,406.1815771,406.1815771,378.6709996,1676.360223,1676.007276,1968.512864,1970.452187,2229.898647,1877.167185,851.7852322,851.7852322,1631.311544,1631.311544,2103.61223,2103.61223,2103.61223,2281.692986,1835.425262,903.7570612,903.7570612,1958.610568,1479.356644,1760.426095,4337.908664,4337.908664,4249.493178,1491.43466,4470.712202,1310.139152,945.886065,4379.502295,189.7074511,189.7074511,190.7223958,190.7223958,189.7074511
92,5011000000223 ,'5011000000223,546.1720171,555.6874989,460.9457514,350.9261065,55.45749737,594.6708583,562.1587998,390.815632,517.8669342,138.5126668,1716.452112,1716.452112,1716.452112,654.2103773,284.8851646,540.9209294,540.9209294,974.2741053,974.2741053,974.2741053,1806.556751,1806.556751,1765.241303,974.4483044,1765.241303,1406.721723,1406.721723,1311.001053,967.5835592,1005.011369,2982.253975,7909.268805,7799.028356,1946.704674,1336.620094,1336.620094,2199.116946,2680.856214,412.770334,209.2216917,413.0723071,410.90711,400.0395223
93,5011000000229 ,'5011000000229,113.6839389,113.6839389,138.9745586,143.107363,145.8541387,196.0454146,196.0454146,196.0454146,202.227194,174.2843727,237.5696114,206.0981598,237.5696114,239.8917721,239.8917721,215.7402594,215.7402594,200.2597072,200.2597072,200.2597072,248.3172397,205.0104999,210.2823304,246.1381765,206.5053045,312.6253607,323.9263388,323.9263388,201.1807786,204.7875901,694.7303985,694.7303985,973.8842257,282.0793712,247.3497371,86.2518958,723.4016855,1354.539919,147.3507624,147.3507624,147.3507624,147.3507624,147.3507624
94,5011000000233 ,'5011000000233,267.2899712,755.5525602,223.5531772,267.2899712,463.8899082,766.472367,766.472367,766.472367,509.6671622,470.8682999,1802.599594,1182.93355,1182.63461,1804.054891,1804.633721,763.844575,763.844575,477.5880268,477.1835168,492.4081671,1824.993927,464.4414439,438.2348756,438.2348756,1423.142781,1126.474813,1132.77136,1122.230228,1122.230228,1427.890572,1757.947439,1757.947439,5385.086414,891.5176113,10574.13275,1136.012742,1314.334843,1081.243927,253.0319941,253.0319941,253.0319941,253.3676157,251.4499338
95,5011000000243 ,'5011000000243,208.4464536,227.9719449,173.2254277,173.2254277,150.9733083,69.59659172,69.59659172,147.5629462,147.5629462,73.14389472,2163.938386,768.5221952,2167.586382,2167.586382,2245.225636,454.3706072,432.3436254,432.3436254,432.3436254,584.9904407,765.2796823,768.7382486,772.8504886,772.8504886,772.8504886,623.3010442,623.3010442,623.3010442,630.9035521,630.9035521,1542.592746,4342.989324,1791.104956,773.1976939,3653.196084,837.4717877,388.0137245,1505.337484,99.66844754,99.66844754,99.66844754,108.3093385,108.3093385
96,5011000000245 ,'5011000000245,16.9958588,16.9958588,38.22880986,181.945324,168.6414825,17.36549723,17.36549723,17.36549723,19.21821501,21.50421589,2248.600552,1854.068035,2248.600552,1754.142199,2337.403007,351.8759969,279.0587131,279.0587131,104.088413,105.9235966,1875.653592,1853.86917,1860.328856,1860.328856,1860.328856,403.2622356,403.2622356,403.2622356,163.5560187,264.0463168,474.662357,3211.216148,2228.956828,140.5846271,1969.939231,737.1775974,746.6893182,1907.342798,30.94278468,32.36319877,32.36319877,29.99717363,26.34883751
97,5011000000246 ,'5011000000246,88.72455128,304.6069001,288.9709614,49.38410545,260.9027922,83.94084504,83.94084504,83.94084504,141.3961072,137.6665429,2057.209359,599.292758,2063.653768,2063.653768,2127.22383,499.6372139,503.0386851,503.0386851,501.9001362,540.085763,622.1063844,599.1375681,607.5238586,607.5238586,607.5238586,496.3583742,496.3583742,423.5000004,752.2205259,751.1169644,476.7599529,3838.123491,1738.468048,203.2088617,2643.382378,670.4153478,1015.829009,1057.988154,18.68337046,18.71115172,18.71115172,18.27740352,18.27740352
98,5011000000259 ,'5011000000259,61.20635171,88.43236582,88.43236582,88.43236582,83.30510003,192.6233078,55.68037551,49.86731786,64.12345403,64.12345403,608.7266877,608.7266877,608.7266877,859.090534,859.2034508,298.1053094,316.1771075,248.3839141,248.3839141,71.58274458,683.3713348,683.3713348,686.5540018,684.4862979,684.4862979,115.8814946,115.8814946,115.8814946,307.2611149,307.2611149,1638.197113,7054.336652,1810.387602,272.1822786,1043.484584,431.3506521,522.6001827,895.7086627,225.3789497,223.6324865,223.6324865,223.6324865,222.6721348
99,5011000000263 ,'5011000000263,10.47312196,11.23225787,1.45391486,5.373217643,5.031125053,19.57658137,38.81216551,34.8307307,17.24255365,8.144008848,19.57658137,19.57658137,19.57658137,1.45391486,19.25132539,34.25143558,41.55081726,22.16453551,21.30098401,29.24341316,63.73861622,63.73861622,63.73861622,63.73861622,63.73861622,60.63493495,11.23225787,11.23225787,7.695742349,4.916704431,5111.458594,5111.458594,1655.654054,521.78822,3427.06364,492.7796763,908.5399609,2878.486523,125.570965,125.570965,125.570965,125.570965,126.9633494
100,5011000000268 ,'5011000000268,346.3855189,318.0875062,560.9186964,649.9129115,700.0191727,453.1244977,392.0407609,392.0407609,391.1361953,391.1361953,1968.090272,972.8054797,972.8613297,1978.432833,1971.675637,900.8035427,900.8035427,900.8035427,900.8035427,497.8256759,1741.547408,1741.547408,1741.547408,1741.547408,1741.547408,634.5840536,634.5840536,634.5840536,1223.543817,1219.2333,2461.24747,2461.24747,3986.300901,883.2651603,9063.218229,931.3177998,556.5551794,1101.845608,696.6894675,697.7217635,697.6205469,707.2222884,707.5221951
