resblock_id,jiedao
5011000009045 ,宝山城市工业园区
5011000009045 ,宝山城市工业园区
5010027008011640 ,大场镇
5010027008011890 ,大场镇
5010615935480260 ,大场镇
5010659404460590 ,大场镇
5010771466825890 ,大场镇
5011000000386 ,大场镇
5011000000752 ,大场镇
5011000001115 ,大场镇
5011000001152 ,大场镇
5011000001175 ,大场镇
5011000001175 ,大场镇
5011000001582 ,大场镇
5011000001583 ,大场镇
5011000001585 ,大场镇
5011000001692 ,大场镇
5011000001693 ,大场镇
5011000001694 ,大场镇
5011000001736 ,大场镇
5011000001771 ,大场镇
5011000002478 ,大场镇
5011000003370 ,大场镇
5011000004053 ,大场镇
5011000004085 ,大场镇
5011000004085 ,大场镇
5011000004097 ,大场镇
5011000004097 ,大场镇
5011000004167 ,大场镇
5011000004452 ,大场镇
5011000004903 ,大场镇
5011000005138 ,大场镇
5011000005202 ,大场镇
5011000005202 ,大场镇
5011000005243 ,大场镇
5011000005243 ,大场镇
5011000005429 ,大场镇
5011000006480 ,大场镇
5011000006717 ,大场镇
5011000006741 ,大场镇
5011000007439 ,大场镇
5011000007451 ,大场镇
5011000007989 ,大场镇
5011000008186 ,大场镇
5011000008430 ,大场镇
5011000008802 ,大场镇
5011000009235 ,大场镇
5011000009650 ,大场镇
5011000010408 ,大场镇
5011000010583 ,大场镇
5011000010866 ,大场镇
5011000010967 ,大场镇
5011000011232 ,大场镇
5011000011585 ,大场镇
5011000012041 ,大场镇
5011000012041 ,大场镇
5011000012327 ,大场镇
5011000012486 ,大场镇
5011000012547 ,大场镇
5011000012592 ,大场镇
5011000012592 ,大场镇
5011000013016 ,大场镇
5011000013065 ,大场镇
5011000013347 ,大场镇
5011000013363 ,大场镇
5011000013423 ,大场镇
5011000013483 ,大场镇
5011000013484 ,大场镇
5011000013570 ,大场镇
5011000013691 ,大场镇
5011000013692 ,大场镇
5011000013848 ,大场镇
5011000013848 ,大场镇
5011000014051 ,大场镇
5011000014107 ,大场镇
5011000014266 ,大场镇
5011000014385 ,大场镇
5011000014445 ,大场镇
5011000014451 ,大场镇
5011000014539 ,大场镇
5011000014580 ,大场镇
5011000014581 ,大场镇
5011000014582 ,大场镇
5011000014583 ,大场镇
5011000014605 ,大场镇
5011000014606 ,大场镇
5011000014607 ,大场镇
5011000014609 ,大场镇
5011000014610 ,大场镇
5011000014611 ,大场镇
5011000014611 ,大场镇
5011000014612 ,大场镇
5011000014709 ,大场镇
5011000014949 ,大场镇
5011000015365 ,大场镇
5011000015388 ,大场镇
5011000015496 ,大场镇
5011000015545 ,大场镇
5011000015938 ,大场镇
5011000015957 ,大场镇
5011000015995 ,大场镇
5011000016137 ,大场镇
5011000016321 ,大场镇
5011000016480 ,大场镇
5011000016491 ,大场镇
5011000016498 ,大场镇
5011000016899 ,大场镇
5011000017305 ,大场镇
5011000017384 ,大场镇
5011000017384 ,大场镇
5011000017422 ,大场镇
5011000017539 ,大场镇
5011000017750 ,大场镇
5011000018010 ,大场镇
5011000018017 ,大场镇
5011000018282 ,大场镇
5011000018310 ,大场镇
5011000018847 ,大场镇
5011000018927 ,大场镇
5011000019106 ,大场镇
5011000019193 ,大场镇
5011000019296 ,大场镇
5011000019431 ,大场镇
5011000019470 ,大场镇
5011000019649 ,大场镇
5011000020336 ,大场镇
5011000020337 ,大场镇
5011000020476 ,大场镇
5011000020487 ,大场镇
5011000020578 ,大场镇
5011000020578 ,大场镇
5011063494486 ,大场镇
5011102209227 ,大场镇
5011102209227 ,大场镇
5011102209394 ,大场镇
5011102209394 ,大场镇
5011102209614 ,大场镇
5011102209656 ,大场镇
5011102209657 ,大场镇
5011102209657 ,大场镇
5012970569249230 ,大场镇
5012970675941400 ,大场镇
5016389501103690 ,大场镇
5020022004697290 ,大场镇
5020022085497100 ,大场镇
5020022085507320 ,大场镇
5020022085507530 ,大场镇
5020022085507610 ,大场镇
5020022085508060 ,大场镇
5020026493449780 ,大场镇
5020026562657910 ,大场镇
5020030202623170 ,大场镇
5020030205783350 ,大场镇
5020033317271890 ,大场镇
5020033317273230 ,大场镇
5020037246696190 ,大场镇
5020037246696250 ,大场镇
509821540057852 ,大场镇
509821540319362 ,大场镇
509977363956057 ,大场镇
5011000014611 ,大场镇
5011000000533 ,高境镇
5011000000849 ,高境镇
5011000001260 ,高境镇
5011000001260 ,高境镇
5011000001260 ,高境镇
5011000002315 ,高境镇
5011000002463 ,高境镇
5011000002552 ,高境镇
5011000003709 ,高境镇
5011000004380 ,高境镇
5011000004390 ,高境镇
5011000004601 ,高境镇
5011000005396 ,高境镇
5011000006806 ,高境镇
5011000007031 ,高境镇
5011000007804 ,高境镇
5011000008209 ,高境镇
5011000008850 ,高境镇
5011000009008 ,高境镇
5011000009213 ,高境镇
5011000009779 ,高境镇
5011000009824 ,高境镇
5011000010426 ,高境镇
5011000010646 ,高境镇
5011000010766 ,高境镇
5011000011256 ,高境镇
5011000011266 ,高境镇
5011000011977 ,高境镇
5011000012189 ,高境镇
5011000012356 ,高境镇
5011000012603 ,高境镇
5011000012724 ,高境镇
5011000012830 ,高境镇
5011000012860 ,高境镇
5011000012912 ,高境镇
5011000013429 ,高境镇
5011000013759 ,高境镇
5011000013759 ,高境镇
5011000013865 ,高境镇
5011000013880 ,高境镇
5011000014067 ,高境镇
5011000014782 ,高境镇
5011000015462 ,高境镇
5011000015632 ,高境镇
5011000016047 ,高境镇
5011000016689 ,高境镇
5011000017405 ,高境镇
5011000020436 ,高境镇
5011000020585 ,高境镇
5011102209469 ,高境镇
5011102209903 ,高境镇
5015961836784680 ,高境镇
5020032240020460 ,高境镇
5020032299833650 ,高境镇
5011000005591 ,高境镇
5011000010766 ,高境镇
5011000016514 ,顾村镇
5011000016514 ,顾村镇
5011000000130 ,顾村镇
5011000000130 ,顾村镇
5011000000130 ,顾村镇
5011000000130 ,顾村镇
5011000000337 ,顾村镇
5011000000618 ,顾村镇
5011000000649 ,顾村镇
5011000000800 ,顾村镇
5011000000814 ,顾村镇
5011000001008 ,顾村镇
5011000001008 ,顾村镇
5011000001008 ,顾村镇
5011000002126 ,顾村镇
5011000002173 ,顾村镇
5011000002370 ,顾村镇
5011000002428 ,顾村镇
5011000003045 ,顾村镇
5011000003437 ,顾村镇
5011000004954 ,顾村镇
5011000006738 ,顾村镇
5011000008829 ,顾村镇
5011000008885 ,顾村镇
5011000009437 ,顾村镇
5011000009781 ,顾村镇
5011000010013 ,顾村镇
5011000011374 ,顾村镇
5011000011398 ,顾村镇
5011000011581 ,顾村镇
5011000012095 ,顾村镇
5011000012115 ,顾村镇
5011000012173 ,顾村镇
5011000012177 ,顾村镇
5011000012378 ,顾村镇
5011000012663 ,顾村镇
5011000013210 ,顾村镇
5011000013228 ,顾村镇
5011000013342 ,顾村镇
5011000013514 ,顾村镇
5011000013536 ,顾村镇
5011000013618 ,顾村镇
5011000013646 ,顾村镇
5011000013647 ,顾村镇
5011000013805 ,顾村镇
5011000014117 ,顾村镇
5011000014189 ,顾村镇
5011000014211 ,顾村镇
5011000014370 ,顾村镇
5011000014372 ,顾村镇
5011000014747 ,顾村镇
5011000014787 ,顾村镇
5011000014845 ,顾村镇
5011000014873 ,顾村镇
5011000014935 ,顾村镇
5011000014958 ,顾村镇
5011000015850 ,顾村镇
5011000017144 ,顾村镇
5011000017166 ,顾村镇
5011000017445 ,顾村镇
5011000017602 ,顾村镇
5011000018945 ,顾村镇
5011000019202 ,顾村镇
5011000019303 ,顾村镇
5011062711406 ,顾村镇
5011063435419 ,顾村镇
5011102210030 ,顾村镇
5011102210040 ,顾村镇
5011102210069 ,顾村镇
5011102210094 ,顾村镇
5011102210126 ,顾村镇
5011102210127 ,顾村镇
5011102210158 ,顾村镇
5011102210207 ,顾村镇
5011102210207 ,顾村镇
5011102210213 ,顾村镇
5011102210213 ,顾村镇
5011102210239 ,顾村镇
5011102210246 ,顾村镇
5011102210246 ,顾村镇
5011102210248 ,顾村镇
5011102210272 ,顾村镇
5011102210276 ,顾村镇
5011102210292 ,顾村镇
5011102210292 ,顾村镇
5011102210304 ,顾村镇
5011102210316 ,顾村镇
5011102210316 ,顾村镇
5011102210337 ,顾村镇
5011102210337 ,顾村镇
5011102210359 ,顾村镇
5011102210422 ,顾村镇
5011102210422 ,顾村镇
5011102210422 ,顾村镇
5011102210422 ,顾村镇
5011102210422 ,顾村镇
5011102210440 ,顾村镇
5011102210440 ,顾村镇
5011102210440 ,顾村镇
5011102210440 ,顾村镇
5011102210440 ,顾村镇
5012970523373710 ,顾村镇
5012970523373710 ,顾村镇
5012970523373720 ,顾村镇
5016862239273220 ,顾村镇
5016863549491850 ,顾村镇
5017953113780370 ,顾村镇
5017954034452640 ,顾村镇
5018063598300980 ,顾村镇
5018063818764080 ,顾村镇
5018063936227560 ,顾村镇
5018063936227670 ,顾村镇
5018063936227870 ,顾村镇
5018063936227870 ,顾村镇
507913996561895 ,顾村镇
507913996561895 ,顾村镇
509977363955898 ,顾村镇
5010908136909820 ,罗店镇
5011000000001 ,罗店镇
5011000000379 ,罗店镇
5011000000638 ,罗店镇
5011000000683 ,罗店镇
5011000000683 ,罗店镇
5011000000935 ,罗店镇
5011000000962 ,罗店镇
5011000001242 ,罗店镇
5011000001528 ,罗店镇
5011000001802 ,罗店镇
5011000001811 ,罗店镇
5011000001931 ,罗店镇
5011000002269 ,罗店镇
5011000002348 ,罗店镇
5011000002700 ,罗店镇
5011000003079 ,罗店镇
5011000003079 ,罗店镇
5011000003579 ,罗店镇
5011000004006 ,罗店镇
5011000006949 ,罗店镇
5011000009834 ,罗店镇
5011000010988 ,罗店镇
5011000011023 ,罗店镇
5011000011615 ,罗店镇
5011000011782 ,罗店镇
5011000012052 ,罗店镇
5011000012833 ,罗店镇
5011000013792 ,罗店镇
5011000013862 ,罗店镇
5011000013953 ,罗店镇
5011000014229 ,罗店镇
5011000014644 ,罗店镇
5011000014723 ,罗店镇
5011000014874 ,罗店镇
5011000018539 ,罗店镇
5011000018541 ,罗店镇
5011000018552 ,罗店镇
5011000018552 ,罗店镇
5011000018552 ,罗店镇
5011000018728 ,罗店镇
5011000018854 ,罗店镇
5011000018868 ,罗店镇
5011000019011 ,罗店镇
5011000019130 ,罗店镇
5011000019136 ,罗店镇
5011000019209 ,罗店镇
5011000019651 ,罗店镇
5011000019651 ,罗店镇
5011000020536 ,罗店镇
5011000020540 ,罗店镇
5011000020582 ,罗店镇
5011000020583 ,罗店镇
5011000020593 ,罗店镇
5011102205841 ,罗店镇
5011102210077 ,罗店镇
5011102210078 ,罗店镇
5011102210082 ,罗店镇
5011102210102 ,罗店镇
5011102210132 ,罗店镇
5011102210162 ,罗店镇
5011102210220 ,罗店镇
5011102210221 ,罗店镇
5011102210407 ,罗店镇
5011102210432 ,罗店镇
5013130755222850 ,罗店镇
5013689981514290 ,罗店镇
5014572314462870 ,罗店镇
5015682472545720 ,罗店镇
5016389388383220 ,罗店镇
5016389495337090 ,罗店镇
5016389495337190 ,罗店镇
5016389501103120 ,罗店镇
5016389501103420 ,罗店镇
5016389506369840 ,罗店镇
5016389506369990 ,罗店镇
5016389506370190 ,罗店镇
5016389506370270 ,罗店镇
5016389506370310 ,罗店镇
5016389543047320 ,罗店镇
5016389543047360 ,罗店镇
5016635237248700 ,罗店镇
5020033573285420 ,罗店镇
509821540057393 ,罗店镇
509821540057599 ,罗店镇
509821540319595 ,罗店镇
509977363955861 ,罗店镇
509977363956178 ,罗店镇
509977363956180 ,罗店镇
509977363956187 ,罗店镇
5011102210280 ,罗店镇
5011000002801 ,罗泾镇
5011000003886 ,罗泾镇
5011000004137 ,罗泾镇
5011000004355 ,罗泾镇
5011000012519 ,罗泾镇
5011000013007 ,罗泾镇
5011000014623 ,罗泾镇
5011000018969 ,罗泾镇
5011000019171 ,罗泾镇
5011000019357 ,罗泾镇
5011102210222 ,罗泾镇
5011102210225 ,罗泾镇
5016389371080660 ,罗泾镇
5016389501103520 ,罗泾镇
5016389506369570 ,罗泾镇
5016635435715290 ,罗泾镇
509977363955781 ,罗泾镇
5011000001539 ,庙行镇
5011000001548 ,庙行镇
5011000008871 ,庙行镇
5011000009795 ,庙行镇
5011000011740 ,庙行镇
5011000011740 ,庙行镇
5011000011767 ,庙行镇
5011000012162 ,庙行镇
5011000012370 ,庙行镇
5011000012481 ,庙行镇
5011000012862 ,庙行镇
5011000013149 ,庙行镇
5011000013190 ,庙行镇
5011000013190 ,庙行镇
5011000013338 ,庙行镇
5011000014341 ,庙行镇
5011000015278 ,庙行镇
5011000016831 ,庙行镇
5011000017435 ,庙行镇
5011000018628 ,庙行镇
5011000020456 ,庙行镇
509821540057664 ,庙行镇
5011000000816 ,淞南镇
5011000001378 ,淞南镇
5011000002024 ,淞南镇
5011000002292 ,淞南镇
5011000003952 ,淞南镇
5011000004164 ,淞南镇
5011000005172 ,淞南镇
5011000005375 ,淞南镇
5011000007250 ,淞南镇
5011000007986 ,淞南镇
5011000008636 ,淞南镇
5011000009468 ,淞南镇
5011000009619 ,淞南镇
5011000010462 ,淞南镇
5011000010638 ,淞南镇
5011000010638 ,淞南镇
5011000011128 ,淞南镇
5011000011142 ,淞南镇
5011000011399 ,淞南镇
5011000012028 ,淞南镇
5011000012062 ,淞南镇
5011000012094 ,淞南镇
5011000012131 ,淞南镇
5011000012428 ,淞南镇
5011000012428 ,淞南镇
5011000012431 ,淞南镇
5011000012520 ,淞南镇
5011000012583 ,淞南镇
5011000012648 ,淞南镇
5011000012653 ,淞南镇
5011000012698 ,淞南镇
5011000012698 ,淞南镇
5011000012701 ,淞南镇
5011000012702 ,淞南镇
5011000012725 ,淞南镇
5011000012731 ,淞南镇
5011000012920 ,淞南镇
5011000013512 ,淞南镇
5011000013856 ,淞南镇
5011000013856 ,淞南镇
5011000014185 ,淞南镇
5011000014185 ,淞南镇
5011000014835 ,淞南镇
5011000014913 ,淞南镇
5011000015245 ,淞南镇
5011102210114 ,淞南镇
5011102210120 ,淞南镇
5011102210177 ,淞南镇
5011102210390 ,淞南镇
5011102210438 ,淞南镇
5012742364771310 ,淞南镇
5012970645271090 ,淞南镇
5012970645271100 ,淞南镇
5012970645271150 ,淞南镇
5016389506370510 ,淞南镇
5020038219908800 ,淞南镇
5020038219908940 ,淞南镇
5020038219909020 ,淞南镇
5020038389775090 ,淞南镇
509821540058069 ,淞南镇
5011102210390 ,淞南镇
5011000000072 ,吴淞街道
5011000000201 ,吴淞街道
5011000000357 ,吴淞街道
5011000000427 ,吴淞街道
5011000001678 ,吴淞街道
5011000001759 ,吴淞街道
5011000002239 ,吴淞街道
5011000002281 ,吴淞街道
5011000003564 ,吴淞街道
5011000003797 ,吴淞街道
5011000003909 ,吴淞街道
5011000004531 ,吴淞街道
5011000004531 ,吴淞街道
5011000004946 ,吴淞街道
5011000005150 ,吴淞街道
5011000005333 ,吴淞街道
5011000006136 ,吴淞街道
5011000006167 ,吴淞街道
5011000006542 ,吴淞街道
5011000006560 ,吴淞街道
5011000006578 ,吴淞街道
5011000006783 ,吴淞街道
5011000006945 ,吴淞街道
5011000007441 ,吴淞街道
5011000007448 ,吴淞街道
5011000008221 ,吴淞街道
5011000008392 ,吴淞街道
5011000008404 ,吴淞街道
5011000008791 ,吴淞街道
5011000009065 ,吴淞街道
5011000010019 ,吴淞街道
5011000010460 ,吴淞街道
5011000012281 ,吴淞街道
5011000012529 ,吴淞街道
5011000012931 ,吴淞街道
5011000013064 ,吴淞街道
5011000014271 ,吴淞街道
5011000014373 ,吴淞街道
5011000014702 ,吴淞街道
5011000014755 ,吴淞街道
5011000014842 ,吴淞街道
5011000017699 ,吴淞街道
5011000018931 ,吴淞街道
5011000019089 ,吴淞街道
5011000019173 ,吴淞街道
5011000019199 ,吴淞街道
5011000019238 ,吴淞街道
5011000019473 ,吴淞街道
5011000019504 ,吴淞街道
5011000019753 ,吴淞街道
5011000020568 ,吴淞街道
5011000020569 ,吴淞街道
5011000020571 ,吴淞街道
5011000020581 ,吴淞街道
5011000020601 ,吴淞街道
5011102210219 ,吴淞街道
5011102210250 ,吴淞街道
5011102210250 ,吴淞街道
5011102210343 ,吴淞街道
5011102210364 ,吴淞街道
5011102210426 ,吴淞街道
5011102210426 ,吴淞街道
5011102210441 ,吴淞街道
5016022511586880 ,吴淞街道
5020026008527920 ,吴淞街道
5011000000308 ,杨行镇
5011000001118 ,杨行镇
5011000001509 ,杨行镇
5011000001538 ,杨行镇
5011000002083 ,杨行镇
5011000002625 ,杨行镇
5011000003032 ,杨行镇
5011000003819 ,杨行镇
5011000003885 ,杨行镇
5011000003885 ,杨行镇
5011000005386 ,杨行镇
5011000006326 ,杨行镇
5011000006357 ,杨行镇
5011000006400 ,杨行镇
5011000007993 ,杨行镇
5011000007997 ,杨行镇
5011000009044 ,杨行镇
5011000009050 ,杨行镇
5011000009085 ,杨行镇
5011000009418 ,杨行镇
5011000009616 ,杨行镇
5011000009842 ,杨行镇
5011000010040 ,杨行镇
5011000010202 ,杨行镇
5011000010203 ,杨行镇
5011000010212 ,杨行镇
5011000010212 ,杨行镇
5011000010272 ,杨行镇
5011000010836 ,杨行镇
5011000011025 ,杨行镇
5011000011202 ,杨行镇
5011000011540 ,杨行镇
5011000011779 ,杨行镇
5011000012034 ,杨行镇
5011000012404 ,杨行镇
5011000012419 ,杨行镇
5011000012534 ,杨行镇
5011000013358 ,杨行镇
5011000013408 ,杨行镇
5011000013737 ,杨行镇
5011000013742 ,杨行镇
5011000014049 ,杨行镇
5011000014159 ,杨行镇
5011000014427 ,杨行镇
5011000014551 ,杨行镇
5011000014758 ,杨行镇
5011000014814 ,杨行镇
5011000014908 ,杨行镇
5011000015501 ,杨行镇
5011000016133 ,杨行镇
5011000016133 ,杨行镇
5011000017582 ,杨行镇
5011000017696 ,杨行镇
5011000017696 ,杨行镇
5011000017790 ,杨行镇
5011000018850 ,杨行镇
5011000019039 ,杨行镇
5011000019192 ,杨行镇
5011000019796 ,杨行镇
5011000020565 ,杨行镇
5011000020573 ,杨行镇
5011102210103 ,杨行镇
5012970660737020 ,杨行镇
5016389398891380 ,杨行镇
5020020418941740 ,杨行镇
509821540319342 ,杨行镇
509977363955919 ,杨行镇
509977363956288 ,杨行镇
5011000000600 ,友谊路街道
5011000000964 ,友谊路街道
5011000001088 ,友谊路街道
5011000001617 ,友谊路街道
5011000001969 ,友谊路街道
5011000002137 ,友谊路街道
5011000002297 ,友谊路街道
5011000002541 ,友谊路街道
5011000002721 ,友谊路街道
5011000003799 ,友谊路街道
5011000004055 ,友谊路街道
5011000004547 ,友谊路街道
5011000004708 ,友谊路街道
5011000005170 ,友谊路街道
5011000005201 ,友谊路街道
5011000005544 ,友谊路街道
5011000006198 ,友谊路街道
5011000006996 ,友谊路街道
5011000007226 ,友谊路街道
5011000008845 ,友谊路街道
5011000008865 ,友谊路街道
5011000009014 ,友谊路街道
5011000009059 ,友谊路街道
5011000009063 ,友谊路街道
5011000009385 ,友谊路街道
5011000009414 ,友谊路街道
5011000009438 ,友谊路街道
5011000009452 ,友谊路街道
5011000010243 ,友谊路街道
5011000010596 ,友谊路街道
5011000010753 ,友谊路街道
5011000011047 ,友谊路街道
5011000011141 ,友谊路街道
5011000011558 ,友谊路街道
5011000011783 ,友谊路街道
5011000012091 ,友谊路街道
5011000012427 ,友谊路街道
5011000012582 ,友谊路街道
5011000012659 ,友谊路街道
5011000012661 ,友谊路街道
5011000012883 ,友谊路街道
5011000013061 ,友谊路街道
5011000013087 ,友谊路街道
5011000013088 ,友谊路街道
5011000013100 ,友谊路街道
5011000013226 ,友谊路街道
5011000013287 ,友谊路街道
5011000013385 ,友谊路街道
5011000013425 ,友谊路街道
5011000013453 ,友谊路街道
5011000013575 ,友谊路街道
5011000013659 ,友谊路街道
5011000013659 ,友谊路街道
5011000013763 ,友谊路街道
5011000014063 ,友谊路街道
5011000014134 ,友谊路街道
5011000014357 ,友谊路街道
5011000014363 ,友谊路街道
5011000014631 ,友谊路街道
5011000014871 ,友谊路街道
5011000014977 ,友谊路街道
5011000019161 ,友谊路街道
5011000019480 ,友谊路街道
5011000020520 ,友谊路街道
5011000020529 ,友谊路街道
5011000020535 ,友谊路街道
5011065852440900 ,友谊路街道
5011102210028 ,友谊路街道
5011102210037 ,友谊路街道
5011102210048 ,友谊路街道
5011102210051 ,友谊路街道
5011102210052 ,友谊路街道
5011102210053 ,友谊路街道
5011102210403 ,友谊路街道
5014217695496310 ,友谊路街道
5014508005821500 ,友谊路街道
5016389545929860 ,友谊路街道
509821540057798 ,友谊路街道
509977363955897 ,友谊路街道
5011000000048 ,月浦镇
5011000000322 ,月浦镇
5011000000346 ,月浦镇
5011000000476 ,月浦镇
5011000000500 ,月浦镇
5011000000608 ,月浦镇
5011000000617 ,月浦镇
5011000000619 ,月浦镇
5011000000636 ,月浦镇
5011000000937 ,月浦镇
5011000000993 ,月浦镇
5011000000993 ,月浦镇
5011000001094 ,月浦镇
5011000001534 ,月浦镇
5011000001682 ,月浦镇
5011000001846 ,月浦镇
5011000001997 ,月浦镇
5011000002363 ,月浦镇
5011000002556 ,月浦镇
5011000002854 ,月浦镇
5011000002876 ,月浦镇
5011000003742 ,月浦镇
5011000004149 ,月浦镇
5011000004378 ,月浦镇
5011000004440 ,月浦镇
5011000004473 ,月浦镇
5011000004631 ,月浦镇
5011000004735 ,月浦镇
5011000004830 ,月浦镇
5011000005073 ,月浦镇
5011000005531 ,月浦镇
5011000006533 ,月浦镇
5011000007015 ,月浦镇
5011000008884 ,月浦镇
5011000009419 ,月浦镇
5011000009614 ,月浦镇
5011000010268 ,月浦镇
5011000010468 ,月浦镇
5011000010615 ,月浦镇
5011000012140 ,月浦镇
5011000012763 ,月浦镇
5011000012873 ,月浦镇
5011000013041 ,月浦镇
5011000013204 ,月浦镇
5011000013318 ,月浦镇
5011000013400 ,月浦镇
5011000013860 ,月浦镇
5011000014440 ,月浦镇
5011000014646 ,月浦镇
5011000014664 ,月浦镇
5011000018922 ,月浦镇
5011000019010 ,月浦镇
5011000019234 ,月浦镇
5011000019465 ,月浦镇
5011000019501 ,月浦镇
5011000020530 ,月浦镇
5011102210171 ,月浦镇
5011102210404 ,月浦镇
5011102210404 ,月浦镇
5011102210404 ,月浦镇
5016389506370050 ,月浦镇
509977363956070 ,月浦镇
509977363956351 ,月浦镇
5011000000414 ,张庙街道
5011000000486 ,张庙街道
5011000000794 ,张庙街道
5011000002305 ,张庙街道
5011000002332 ,张庙街道
5011000002915 ,张庙街道
5011000003604 ,张庙街道
5011000003604 ,张庙街道
5011000005412 ,张庙街道
5011000005447 ,张庙街道
5011000006128 ,张庙街道
5011000009017 ,张庙街道
5011000009621 ,张庙街道
5011000009621 ,张庙街道
5011000010003 ,张庙街道
5011000010840 ,张庙街道
5011000012087 ,张庙街道
5011000012109 ,张庙街道
5011000012212 ,张庙街道
5011000012309 ,张庙街道
5011000012343 ,张庙街道
5011000012556 ,张庙街道
5011000012670 ,张庙街道
5011000012729 ,张庙街道
5011000012782 ,张庙街道
5011000012817 ,张庙街道
5011000013090 ,张庙街道
5011000013126 ,张庙街道
5011000013517 ,张庙街道
5011000013627 ,张庙街道
5011000013684 ,张庙街道
5011000014165 ,张庙街道
5011000014297 ,张庙街道
5011000014524 ,张庙街道
5011000014640 ,张庙街道
5011000014640 ,张庙街道
5011000014885 ,张庙街道
5011000015088 ,张庙街道
5011000015119 ,张庙街道
5011000017146 ,张庙街道
5011000017209 ,张庙街道
5011000018585 ,张庙街道
5011000018742 ,张庙街道
5011000019098 ,张庙街道
5011000020519 ,张庙街道
5011000020532 ,张庙街道
5011000020532 ,张庙街道
5011000020533 ,张庙街道
5011000020602 ,张庙街道
5011102210063 ,张庙街道
5013829270155170 ,张庙街道
5013829270155170 ,张庙街道
5016074022072930 ,张庙街道
5016635237248800 ,张庙街道
5016635417605020 ,张庙街道
5011000014640 ,张庙街道
5011000001274 ,堡镇
5011000001364 ,堡镇
5011000002262 ,堡镇
5011000004540 ,堡镇
5011000005109 ,堡镇
5011000008687 ,堡镇
5011000010200 ,堡镇
5011000011138 ,堡镇
5011000018905 ,堡镇
5011000019007 ,堡镇
5011371291881880 ,堡镇
5011948942438930 ,堡镇
5012424657514630 ,堡镇
5012424936960910 ,堡镇
5012428368425460 ,堡镇
5016389371080630 ,堡镇
5016389388383210 ,堡镇
5016389398891410 ,堡镇
5016389495337230 ,堡镇
5016389501103470 ,堡镇
5016389506369600 ,堡镇
5016389506370350 ,堡镇
5016389506370370 ,堡镇
5016389506370430 ,堡镇
5016389506370480 ,堡镇
5016389506370480 ,堡镇
5016389506370500 ,堡镇
5016389506370510 ,堡镇
5016389543047290 ,堡镇
5016389543047300 ,堡镇
5016389543047340 ,堡镇
5016389543047360 ,堡镇
5016389543047400 ,堡镇
5016389543047640 ,堡镇
5016389543047650 ,堡镇
5016389543047700 ,堡镇
5016389543047700 ,堡镇
5016389545929750 ,堡镇
5016389545929780 ,堡镇
5016389545929850 ,堡镇
5016389545929960 ,堡镇
5016389545930020 ,堡镇
5016389545930170 ,堡镇
5016389545930180 ,堡镇
5016389545930180 ,堡镇
5016389558274130 ,堡镇
5016389558274140 ,堡镇
5016389558274200 ,堡镇
509821540319320 ,堡镇
509821540319320 ,堡镇
509977363956188 ,堡镇
5010795286016100 ,陈家镇
5011000000765 ,陈家镇
5011000001986 ,陈家镇
5011000004747 ,陈家镇
5011000010808 ,陈家镇
5016389543047300 ,陈家镇
5016389545930130 ,陈家镇
5016635435715240 ,陈家镇
5011000000166 ,城桥镇
5011000000260 ,城桥镇
5011000000394 ,城桥镇
5011000000472 ,城桥镇
5011000000492 ,城桥镇
5011000000501 ,城桥镇
5011000000809 ,城桥镇
5011000000951 ,城桥镇
5011000001256 ,城桥镇
5011000001815 ,城桥镇
5011000002146 ,城桥镇
5011000003166 ,城桥镇
5011000003782 ,城桥镇
5011000003791 ,城桥镇
5011000003791 ,城桥镇
5011000003907 ,城桥镇
5011000004120 ,城桥镇
5011000004408 ,城桥镇
5011000004408 ,城桥镇
5011000004410 ,城桥镇
5011000005108 ,城桥镇
5011000009021 ,城桥镇
5011000009195 ,城桥镇
5011000009445 ,城桥镇
5011000009596 ,城桥镇
5011000009634 ,城桥镇
5011000011577 ,城桥镇
5011000015489 ,城桥镇
5011000018535 ,城桥镇
5011000018563 ,城桥镇
5011000018686 ,城桥镇
5011000018837 ,城桥镇
5011000018864 ,城桥镇
5011000018906 ,城桥镇
5011000018913 ,城桥镇
5011000018915 ,城桥镇
5011000019122 ,城桥镇
5011000019491 ,城桥镇
5011000019496 ,城桥镇
5011000019528 ,城桥镇
5011000019646 ,城桥镇
5011000019725 ,城桥镇
5011102210283 ,城桥镇
5011102210284 ,城桥镇
5011102210284 ,城桥镇
5011102210301 ,城桥镇
5012403936603460 ,城桥镇
5012404137667690 ,城桥镇
5012420657721080 ,城桥镇
5012421013189170 ,城桥镇
5012421329335270 ,城桥镇
5012421523321470 ,城桥镇
5012425212998600 ,城桥镇
5012425562173490 ,城桥镇
5012425654185180 ,城桥镇
5012427281838850 ,城桥镇
5012427445154640 ,城桥镇
5012427553680430 ,城桥镇
5012428761379310 ,城桥镇
5012488772431200 ,城桥镇
5012513014460940 ,城桥镇
5012648627580070 ,城桥镇
5013849379221580 ,城桥镇
5016322123280980 ,城桥镇
5016389371080610 ,城桥镇
5016389371080610 ,城桥镇
5016389371080620 ,城桥镇
5016389371080630 ,城桥镇
5016389371080680 ,城桥镇
5016389398891260 ,城桥镇
5016389398891270 ,城桥镇
5016389398891270 ,城桥镇
5016389398891280 ,城桥镇
5016389398891290 ,城桥镇
5016389398891300 ,城桥镇
5016389398891380 ,城桥镇
5016389398891410 ,城桥镇
5016389398891440 ,城桥镇
5016389398891460 ,城桥镇
5016389398891460 ,城桥镇
5016389398891470 ,城桥镇
5016389398891510 ,城桥镇
5016389495336960 ,城桥镇
5016389495336960 ,城桥镇
5016389495336980 ,城桥镇
5016389495337010 ,城桥镇
5016389495337040 ,城桥镇
5016389495337140 ,城桥镇
5016389495337170 ,城桥镇
5016389495337180 ,城桥镇
5016389495337190 ,城桥镇
5016389495337190 ,城桥镇
5016389495337210 ,城桥镇
5016389495337240 ,城桥镇
5016389495337260 ,城桥镇
5016389495337320 ,城桥镇
5016389495337350 ,城桥镇
5016389495337440 ,城桥镇
5016389495337450 ,城桥镇
5016389495337600 ,城桥镇
5016389495337610 ,城桥镇
5016389495337660 ,城桥镇
5016389495337680 ,城桥镇
5016389495337820 ,城桥镇
5016389495337830 ,城桥镇
5016389495337840 ,城桥镇
5016389495337920 ,城桥镇
5016389495337930 ,城桥镇
5016389495337960 ,城桥镇
5016389495337970 ,城桥镇
5016389501103110 ,城桥镇
5016389501103120 ,城桥镇
5016389501103140 ,城桥镇
5016389501103170 ,城桥镇
5016389501103260 ,城桥镇
5016389501103310 ,城桥镇
5016389501103310 ,城桥镇
5016389501103330 ,城桥镇
5016389501103370 ,城桥镇
5016389501103380 ,城桥镇
5016389501103380 ,城桥镇
5016389501103380 ,城桥镇
5016389501103400 ,城桥镇
5016389501103410 ,城桥镇
5016389501103420 ,城桥镇
5016389501103430 ,城桥镇
5016389501103440 ,城桥镇
5016389501103460 ,城桥镇
5016389501103470 ,城桥镇
5016389501103480 ,城桥镇
5016389501103500 ,城桥镇
5016389501103530 ,城桥镇
5016389501103560 ,城桥镇
5016389501103570 ,城桥镇
5016389501103610 ,城桥镇
5016389501103780 ,城桥镇
5016389501103790 ,城桥镇
5016389501103820 ,城桥镇
5016389501103830 ,城桥镇
5016389501103990 ,城桥镇
5016389501104000 ,城桥镇
5016389501104050 ,城桥镇
5016389501104110 ,城桥镇
5016389506369540 ,城桥镇
5016389506369560 ,城桥镇
5016389506369600 ,城桥镇
5016389506369620 ,城桥镇
5016389506369660 ,城桥镇
5016389506369680 ,城桥镇
5016389506369710 ,城桥镇
5016389506369740 ,城桥镇
5016389506369760 ,城桥镇
5016389506369800 ,城桥镇
5016389506369800 ,城桥镇
5016389506369840 ,城桥镇
5016389506370010 ,城桥镇
5016389506370040 ,城桥镇
5016389506370060 ,城桥镇
5016389506370090 ,城桥镇
5016389506370100 ,城桥镇
5016389506370120 ,城桥镇
5016389506370130 ,城桥镇
5016389506370140 ,城桥镇
5016389506370210 ,城桥镇
5016389506370240 ,城桥镇
5016389506370250 ,城桥镇
5016389506370290 ,城桥镇
5016389506370290 ,城桥镇
5016389506370360 ,城桥镇
5016389506370360 ,城桥镇
5016389506370470 ,城桥镇
5016389506370470 ,城桥镇
5016389506370500 ,城桥镇
5016389506370520 ,城桥镇
5016389543047160 ,城桥镇
5016389543047180 ,城桥镇
5016389543047410 ,城桥镇
5016389543047440 ,城桥镇
5016389543047450 ,城桥镇
5016389543047480 ,城桥镇
5016389543047580 ,城桥镇
5016389543047610 ,城桥镇
5016389543047610 ,城桥镇
5016389543047740 ,城桥镇
5016389543047740 ,城桥镇
5016389545929840 ,城桥镇
5016389545929940 ,城桥镇
5016389545929960 ,城桥镇
5016389545930010 ,城桥镇
5016389545930070 ,城桥镇
5016389545930170 ,城桥镇
5016389558274120 ,城桥镇
5016389558274170 ,城桥镇
5016389558274170 ,城桥镇
5016389558274190 ,城桥镇
5016612386442500 ,城桥镇
5016635237248740 ,城桥镇
5016635435715290 ,城桥镇
5018158482131350 ,城桥镇
507920801821265 ,城桥镇
507921503580025 ,城桥镇
509977363956200 ,城桥镇
5011000018872 ,城桥镇
5011000000464 ,东平镇
5011000000658 ,东平镇
5011000001977 ,东平镇
5011000002140 ,东平镇
5011000002147 ,东平镇
5011000010997 ,东平镇
5011000012667 ,东平镇
5011000013614 ,东平镇
5011000018568 ,东平镇
5011000018676 ,东平镇
5011000018875 ,东平镇
5011000018910 ,东平镇
5011000019134 ,东平镇
5011000019149 ,东平镇
5011000019150 ,东平镇
5011000019219 ,东平镇
5011000019320 ,东平镇
5011000019701 ,东平镇
5011409618119990 ,东平镇
5012405265411960 ,东平镇
5014646092009280 ,东平镇
5016389398891460 ,东平镇
5016389501103120 ,东平镇
5016389501103890 ,东平镇
5016389506370080 ,东平镇
5016389506370320 ,东平镇
5020023243458680 ,东平镇
5020023722921400 ,东平镇
509821540319493 ,东平镇
5011000013319 ,港西镇
5016635417605010 ,港西镇
5016389501103810 ,港沿镇
5016389501103880 ,港沿镇
5011102210233 ,横沙乡
5012807729328680 ,横沙乡
5016389495337730 ,横沙乡
5011000019152 ,惠南镇
5011000019152 ,惠南镇
5012406027464680 ,建设镇
5015683711938230 ,建设镇
5016389495337260 ,建设镇
5016389495337880 ,建设镇
5016389501103680 ,建设镇
507941760757752 ,建设镇
5011000012656 ,罗店镇
5011000012656 ,罗店镇
5011000018764 ,庙镇
5016389495337140 ,庙镇
5020022717953070 ,庙镇
5020026436828110 ,庙镇
5011000018879 ,三星镇
5011000019710 ,三星镇
5011000018919 ,上实现代农业园区
5012670436388230 ,上实现代农业园区
5011000006287 ,竖新镇
5011102210258 ,竖新镇
5016389506369640 ,竖新镇
5016389506369810 ,竖新镇
509821540057134 ,竖新镇
5016389545929780 ,亭林镇
5011102210255 ,向化镇
5016389495337400 ,向化镇
5016389495337670 ,向化镇
5016389501104040 ,向化镇
5016389506370080 ,向化镇
5016389545929820 ,向化镇
5011000000191 ,新海镇
5011000000324 ,新海镇
5011000000350 ,新海镇
5011000000813 ,新海镇
5011000001845 ,新海镇
5011000001999 ,新海镇
5011000003710 ,新海镇
5011000003749 ,新海镇
5011000011778 ,新海镇
5011000014461 ,新海镇
5011000018580 ,新海镇
5011000018643 ,新海镇
5011000018958 ,新海镇
5011000020554 ,新海镇
5011674843886380 ,新海镇
5016389506369900 ,新海镇
5016389506370330 ,新海镇
5016389543047300 ,新海镇
5016389545929750 ,新海镇
5016389545929930 ,新海镇
5016389558274130 ,新海镇
5011000000331 ,新河镇
5011000000810 ,新河镇
5011000001818 ,新河镇
5011000018579 ,新河镇
5011000018853 ,新河镇
5011000018876 ,新河镇
5011000018876 ,新河镇
5011102210299 ,新河镇
5012421508639750 ,新河镇
5012427656966650 ,新河镇
5012832709030090 ,新河镇
5016389398891420 ,新河镇
5016389495337200 ,新河镇
5016389495337430 ,新河镇
5016389495337700 ,新河镇
5016389495337740 ,新河镇
5016389506369890 ,新河镇
5016389506370000 ,新河镇
5016389506370290 ,新河镇
5011000015671 ,延吉新村街道
5011000000480 ,长兴镇
5011000000647 ,长兴镇
5011000000653 ,长兴镇
5011000000653 ,长兴镇
5011000000653 ,长兴镇
5011000000768 ,长兴镇
5011000001079 ,长兴镇
5011000001109 ,长兴镇
5011000001119 ,长兴镇
5011000002111 ,长兴镇
5011000002111 ,长兴镇
5011000003118 ,长兴镇
5011000012877 ,长兴镇
5011000018861 ,长兴镇
5011000020607 ,长兴镇
5016389506370120 ,长兴镇
5016389543047340 ,长兴镇
5016389543047640 ,长兴镇
5016389501103850 ,中兴镇
5016389506370510 ,
5010909713445080 ,奉城镇
5010909713445080 ,奉城镇
5011000001491 ,奉城镇
5011000003368 ,奉城镇
5011000003368 ,奉城镇
5011000010424 ,奉城镇
5011000011261 ,奉城镇
5011000012503 ,奉城镇
5011000012781 ,奉城镇
5011000013313 ,奉城镇
5011000014381 ,奉城镇
5011000014976 ,奉城镇
5011000015915 ,奉城镇
5011000018761 ,奉城镇
5011000018774 ,奉城镇
5011000019072 ,奉城镇
5011006139445670 ,奉城镇
5011063546716 ,奉城镇
5011063661255 ,奉城镇
5011063897298 ,奉城镇
5011102206606 ,奉城镇
5011102206634 ,奉城镇
5011102206635 ,奉城镇
5011102206888 ,奉城镇
5012879891280760 ,奉城镇
5016389495337560 ,奉城镇
5016389543047290 ,奉城镇
5016389545929970 ,奉城镇
5016389545930030 ,奉城镇
5016612386442470 ,奉城镇
509821540057588 ,奉城镇
509977363956079 ,奉城镇
5011000018583 ,奉浦镇
5011000018583 ,奉浦镇
5011000000018 ,海湾镇
5011000000018 ,海湾镇
5011000000179 ,海湾镇
5011000000333 ,海湾镇
5011000000341 ,海湾镇
5011000000341 ,海湾镇
5011000000489 ,海湾镇
5011000000616 ,海湾镇
5011000000741 ,海湾镇
5011000001270 ,海湾镇
5011000001587 ,海湾镇
5011000002375 ,海湾镇
5011000002921 ,海湾镇
5011000004829 ,海湾镇
5011000009018 ,海湾镇
5011000010390 ,海湾镇
5011000010949 ,海湾镇
5011000011409 ,海湾镇
5011000012810 ,海湾镇
5011000012810 ,海湾镇
5011000013520 ,海湾镇
5011000014771 ,海湾镇
5011000014785 ,海湾镇
5011000018581 ,海湾镇
5011000019642 ,海湾镇
5011000019802 ,海湾镇
5011102206334 ,海湾镇
5011102206526 ,海湾镇
5011102206526 ,海湾镇
5012156764434910 ,海湾镇
5013285168525270 ,海湾镇
5015848898309540 ,海湾镇
5016389495337050 ,海湾镇
5016389495337610 ,海湾镇
5016389501103480 ,海湾镇
5016389501103670 ,海湾镇
5016389501104050 ,海湾镇
5016389506370140 ,海湾镇
5020035135046750 ,海湾镇
509977363956026 ,海湾镇
509977363956235 ,海湾镇
5011000000462 ,金汇镇
5011000003521 ,金汇镇
5011000003521 ,金汇镇
5011000005287 ,金汇镇
5011000009988 ,金汇镇
5011000011750 ,金汇镇
5011000013117 ,金汇镇
5011000019453 ,金汇镇
5011000019961 ,金汇镇
5011063203199 ,金汇镇
5011102206834 ,金汇镇
5011102206836 ,金汇镇
5011102206852 ,金汇镇
5011102206853 ,金汇镇
5011102206854 ,金汇镇
5013175108414940 ,金汇镇
5013175218777860 ,金汇镇
5014919250775180 ,金汇镇
5016389398891470 ,金汇镇
5016389495337660 ,金汇镇
5016389495337920 ,金汇镇
5016389501103860 ,金汇镇
5016389506369890 ,金汇镇
5016389543047180 ,金汇镇
509821540057609 ,金汇镇
509821540057657 ,金汇镇
509977363956097 ,金汇镇
509977363956294 ,金汇镇
5011000019027 ,泖港镇
5010956325794110 ,南桥镇
5011000000008 ,南桥镇
5011000000008 ,南桥镇
5011000000022 ,南桥镇
5011000000498 ,南桥镇
5011000000593 ,南桥镇
5011000000622 ,南桥镇
5011000000742 ,南桥镇
5011000000745 ,南桥镇
5011000000996 ,南桥镇
5011000000996 ,南桥镇
5011000000996 ,南桥镇
5011000001100 ,南桥镇
5011000001214 ,南桥镇
5011000001230 ,南桥镇
5011000001246 ,南桥镇
5011000001273 ,南桥镇
5011000001469 ,南桥镇
5011000001586 ,南桥镇
5011000001697 ,南桥镇
5011000001828 ,南桥镇
5011000001828 ,南桥镇
5011000001991 ,南桥镇
5011000002097 ,南桥镇
5011000002109 ,南桥镇
5011000002166 ,南桥镇
5011000002465 ,南桥镇
5011000002638 ,南桥镇
5011000002881 ,南桥镇
5011000002914 ,南桥镇
5011000003097 ,南桥镇
5011000003097 ,南桥镇
5011000003132 ,南桥镇
5011000003132 ,南桥镇
5011000003142 ,南桥镇
5011000003331 ,南桥镇
5011000003331 ,南桥镇
5011000003381 ,南桥镇
5011000003475 ,南桥镇
5011000003570 ,南桥镇
5011000003779 ,南桥镇
5011000003837 ,南桥镇
5011000004160 ,南桥镇
5011000004189 ,南桥镇
5011000004189 ,南桥镇
5011000004421 ,南桥镇
5011000004493 ,南桥镇
5011000004618 ,南桥镇
5011000004833 ,南桥镇
5011000004839 ,南桥镇
5011000004841 ,南桥镇
5011000004909 ,南桥镇
5011000004953 ,南桥镇
5011000005528 ,南桥镇
5011000005538 ,南桥镇
5011000008795 ,南桥镇
5011000009003 ,南桥镇
5011000009080 ,南桥镇
5011000009228 ,南桥镇
5011000009434 ,南桥镇
5011000009811 ,南桥镇
5011000009811 ,南桥镇
5011000010208 ,南桥镇
5011000010389 ,南桥镇
5011000010401 ,南桥镇
5011000010594 ,南桥镇
5011000010787 ,南桥镇
5011000010838 ,南桥镇
5011000010838 ,南桥镇
5011000011192 ,南桥镇
5011000011212 ,南桥镇
5011000011527 ,南桥镇
5011000011571 ,南桥镇
5011000011959 ,南桥镇
5011000011963 ,南桥镇
5011000012031 ,南桥镇
5011000012061 ,南桥镇
5011000012106 ,南桥镇
5011000012106 ,南桥镇
5011000012143 ,南桥镇
5011000012144 ,南桥镇
5011000012357 ,南桥镇
5011000012499 ,南桥镇
5011000012526 ,南桥镇
5011000012683 ,南桥镇
5011000012693 ,南桥镇
5011000012791 ,南桥镇
5011000012867 ,南桥镇
5011000012895 ,南桥镇
5011000012906 ,南桥镇
5011000013072 ,南桥镇
5011000013428 ,南桥镇
5011000013437 ,南桥镇
5011000013437 ,南桥镇
5011000013571 ,南桥镇
5011000013979 ,南桥镇
5011000014458 ,南桥镇
5011000014463 ,南桥镇
5011000014838 ,南桥镇
5011000014952 ,南桥镇
5011000015517 ,南桥镇
5011000018266 ,南桥镇
5011000018544 ,南桥镇
5011000018558 ,南桥镇
5011000018558 ,南桥镇
5011000018576 ,南桥镇
5011000018650 ,南桥镇
5011000018653 ,南桥镇
5011000018670 ,南桥镇
5011000018731 ,南桥镇
5011000018898 ,南桥镇
5011000019108 ,南桥镇
5011000019109 ,南桥镇
5011000019114 ,南桥镇
5011000019151 ,南桥镇
5011000019252 ,南桥镇
5011000019351 ,南桥镇
5011000019384 ,南桥镇
5011000019388 ,南桥镇
5011000019393 ,南桥镇
5011000019423 ,南桥镇
5011000019468 ,南桥镇
5011000019478 ,南桥镇
5011000019727 ,南桥镇
5011000019791 ,南桥镇
5011000019934 ,南桥镇
5011063566740 ,南桥镇
5011063713937 ,南桥镇
5011063715958 ,南桥镇
5011063742582 ,南桥镇
5011063813717 ,南桥镇
5011063829713 ,南桥镇
5011063832815 ,南桥镇
5011063835896 ,南桥镇
5011063908957 ,南桥镇
5011102206059 ,南桥镇
5011102206583 ,南桥镇
5011102206586 ,南桥镇
5011102206595 ,南桥镇
5011102206617 ,南桥镇
5011102206618 ,南桥镇
5011102206620 ,南桥镇
5011102206653 ,南桥镇
5011102206658 ,南桥镇
5011102206659 ,南桥镇
5011102206674 ,南桥镇
5011102206689 ,南桥镇
5011102206690 ,南桥镇
5011102206695 ,南桥镇
5011102206700 ,南桥镇
5011102206702 ,南桥镇
5011102206703 ,南桥镇
5011102206721 ,南桥镇
5011102206723 ,南桥镇
5011102206730 ,南桥镇
5011102206731 ,南桥镇
5011102206734 ,南桥镇
5011102206735 ,南桥镇
5011102206752 ,南桥镇
5011102206762 ,南桥镇
5011102206769 ,南桥镇
5011102206786 ,南桥镇
5011102206830 ,南桥镇
5011102206830 ,南桥镇
5011102206838 ,南桥镇
5011102206838 ,南桥镇
5011102206875 ,南桥镇
5011102206884 ,南桥镇
5011102207011 ,南桥镇
5011102207290 ,南桥镇
5011102209510 ,南桥镇
5011312458903630 ,南桥镇
5011899965027080 ,南桥镇
5012649109663260 ,南桥镇
5013264810160540 ,南桥镇
5014393105985330 ,南桥镇
5014623932713550 ,南桥镇
5015120023433080 ,南桥镇
5016389398891420 ,南桥镇
5016389495337400 ,南桥镇
5016389495337580 ,南桥镇
5016389495337620 ,南桥镇
5016389495337770 ,南桥镇
5016389501103470 ,南桥镇
5016389501103610 ,南桥镇
5016389501103840 ,南桥镇
5016389501103910 ,南桥镇
5016389501104030 ,南桥镇
5016389506370260 ,南桥镇
5016389543047430 ,南桥镇
5016389558274120 ,南桥镇
5016979984920830 ,南桥镇
5020021681623520 ,南桥镇
5020022737897860 ,南桥镇
5020022737898970 ,南桥镇
5020022737899010 ,南桥镇
5020022737899050 ,南桥镇
5020022737899430 ,南桥镇
5020022738940850 ,南桥镇
5020022738940990 ,南桥镇
5020022738941140 ,南桥镇
5020022738941170 ,南桥镇
5020023145939290 ,南桥镇
5020023146987600 ,南桥镇
5020023146992620 ,南桥镇
5020023148011560 ,南桥镇
5020023398721810 ,南桥镇
5020023925378560 ,南桥镇
5020024095350740 ,南桥镇
5020024096393780 ,南桥镇
5020024096395430 ,南桥镇
5020024096398160 ,南桥镇
5020024299915690 ,南桥镇
5020024300964930 ,南桥镇
5020024346090650 ,南桥镇
5020024347133220 ,南桥镇
509821540057224 ,南桥镇
509821540057320 ,南桥镇
509821540057323 ,南桥镇
509821540057563 ,南桥镇
509821540057698 ,南桥镇
509821540319372 ,南桥镇
509821540319491 ,南桥镇
509977363955970 ,南桥镇
509977363956114 ,南桥镇
509977363956323 ,南桥镇
5011000001963 ,青村镇
5011000003146 ,青村镇
5011000012704 ,青村镇
5011000014433 ,青村镇
5011102206638 ,青村镇
5011102206766 ,青村镇
5011102206808 ,青村镇
5016389495337780 ,青村镇
5016389501103960 ,青村镇
5016389506369860 ,青村镇
5016389545930130 ,青村镇
5016389558274190 ,青村镇
5017416798088990 ,青村镇
509821540057812 ,青村镇
509977363956292 ,青村镇
5011000013175 ,四团镇
5011000018801 ,四团镇
5011000019483 ,四团镇
5011000019821 ,四团镇
5011000019824 ,四团镇
5011063836223 ,四团镇
5016389495337320 ,四团镇
5016389495337390 ,四团镇
5016635417605000 ,四团镇
5020023819466180 ,四团镇
5020025026900700 ,四团镇
5011000002277 ,柘林镇
5011000002282 ,柘林镇
5011000004381 ,柘林镇
5011000012350 ,柘林镇
5011000013474 ,柘林镇
5011000014030 ,柘林镇
5011000014503 ,柘林镇
5011000018907 ,柘林镇
5011000019815 ,柘林镇
5011063824858 ,柘林镇
5011102205731 ,柘林镇
5016389506370440 ,柘林镇
5016389545930060 ,柘林镇
5011000004146 ,庄行镇
5011000010406 ,庄行镇
5011000013547 ,庄行镇
5011000013547 ,庄行镇
5011000013547 ,庄行镇
5011000014400 ,庄行镇
5011063709790 ,庄行镇
5011063829800 ,庄行镇
5011102206753 ,庄行镇
5011102206787 ,庄行镇
5011430059061970 ,庄行镇
5016389506369780 ,庄行镇
5020023226683470 ,庄行镇
509977363955818 ,北外滩街道
5010321673859830 ,广中路街道
5010322005209790 ,广中路街道
5010322005209790 ,广中路街道
5010586131280060 ,广中路街道
5011000000102 ,广中路街道
5011000000188 ,广中路街道
5011000000229 ,广中路街道
5011000000269 ,广中路街道
5011000000410 ,广中路街道
5011000000693 ,广中路街道
5011000000705 ,广中路街道
5011000000830 ,广中路街道
5011000000847 ,广中路街道
5011000001043 ,广中路街道
5011000001127 ,广中路街道
5011000001203 ,广中路街道
5011000001433 ,广中路街道
5011000001440 ,广中路街道
5011000001553 ,广中路街道
5011000001607 ,广中路街道
5011000001612 ,广中路街道
5011000001754 ,广中路街道
5011000001765 ,广中路街道
5011000001901 ,广中路街道
5011000002041 ,广中路街道
5011000002189 ,广中路街道
5011000002228 ,广中路街道
5011000002411 ,广中路街道
5011000002618 ,广中路街道
5011000002619 ,广中路街道
5011000002622 ,广中路街道
5011000002631 ,广中路街道
5011000002640 ,广中路街道
5011000003093 ,广中路街道
5011000003339 ,广中路街道
5011000003424 ,广中路街道
5011000003481 ,广中路街道
5011000003545 ,广中路街道
5011000003563 ,广中路街道
5011000003571 ,广中路街道
5011000003591 ,广中路街道
5011000003871 ,广中路街道
5011000003946 ,广中路街道
5011000004036 ,广中路街道
5011000004045 ,广中路街道
5011000004091 ,广中路街道
5011000004242 ,广中路街道
5011000004250 ,广中路街道
5011000004326 ,广中路街道
5011000004329 ,广中路街道
5011000004445 ,广中路街道
5011000004455 ,广中路街道
5011000004494 ,广中路街道
5011000004494 ,广中路街道
5011000004521 ,广中路街道
5011000004586 ,广中路街道
5011000004586 ,广中路街道
5011000004748 ,广中路街道
5011000004818 ,广中路街道
5011000004844 ,广中路街道
5011000005263 ,广中路街道
5011000005811 ,广中路街道
5011000005968 ,广中路街道
5011000006008 ,广中路街道
5011000006168 ,广中路街道
5011000006201 ,广中路街道
5011000006363 ,广中路街道
5011000006366 ,广中路街道
5011000006380 ,广中路街道
5011000006401 ,广中路街道
5011000006421 ,广中路街道
5011000006788 ,广中路街道
5011000006977 ,广中路街道
5011000007161 ,广中路街道
5011000007231 ,广中路街道
5011000007252 ,广中路街道
5011000007434 ,广中路街道
5011000007651 ,广中路街道
5011000007868 ,广中路街道
5011000008220 ,广中路街道
5011000008838 ,广中路街道
5011000009244 ,广中路街道
5011000009475 ,广中路街道
5011000009495 ,广中路街道
5011000009656 ,广中路街道
5011000009801 ,广中路街道
5011000009864 ,广中路街道
5011000009982 ,广中路街道
5011000010238 ,广中路街道
5011000010419 ,广中路街道
5011000010634 ,广中路街道
5011000010747 ,广中路街道
5011000010767 ,广中路街道
5011000010779 ,广中路街道
5011000010822 ,广中路街道
5011000010822 ,广中路街道
5011000011145 ,广中路街道
5011000011526 ,广中路街道
5011000011545 ,广中路街道
5011000011550 ,广中路街道
5011000011569 ,广中路街道
5011000011737 ,广中路街道
5011000011949 ,广中路街道
5011000011985 ,广中路街道
5011000012036 ,广中路街道
5011000012249 ,广中路街道
5011000012290 ,广中路街道
5011000012351 ,广中路街道
5011000012396 ,广中路街道
5011000012411 ,广中路街道
5011000012584 ,广中路街道
5011000012634 ,广中路街道
5011000012700 ,广中路街道
5011000012760 ,广中路街道
5011000012948 ,广中路街道
5011000012957 ,广中路街道
5011000013062 ,广中路街道
5011000013278 ,广中路街道
5011000013449 ,广中路街道
5011000013594 ,广中路街道
5011000013724 ,广中路街道
5011000013778 ,广中路街道
5011000013822 ,广中路街道
5011000014164 ,广中路街道
5011000014258 ,广中路街道
5011000014406 ,广中路街道
5011000014571 ,广中路街道
5011000014645 ,广中路街道
5011000014909 ,广中路街道
5011000015194 ,广中路街道
5011000015456 ,广中路街道
5011000015550 ,广中路街道
5011000015591 ,广中路街道
5011000016014 ,广中路街道
5011000016311 ,广中路街道
5011000016349 ,广中路街道
5011000016791 ,广中路街道
5011000016978 ,广中路街道
5011000017379 ,广中路街道
5011000017492 ,广中路街道
5011000017508 ,广中路街道
5011000017542 ,广中路街道
5011000017556 ,广中路街道
5011000017570 ,广中路街道
5011000017619 ,广中路街道
5011000017867 ,广中路街道
5011000017868 ,广中路街道
5011000018036 ,广中路街道
5011000018065 ,广中路街道
5011000019704 ,广中路街道
5011000020370 ,广中路街道
5011000020440 ,广中路街道
5011000020473 ,广中路街道
5011063202244 ,广中路街道
5011063203095 ,广中路街道
5011063203460 ,广中路街道
5011102208679 ,广中路街道
5011102208693 ,广中路街道
5011102208702 ,广中路街道
5011102208777 ,广中路街道
5011102208801 ,广中路街道
5011102208801 ,广中路街道
5011102208856 ,广中路街道
5011102208857 ,广中路街道
5011102208869 ,广中路街道
5011102208875 ,广中路街道
5011102208897 ,广中路街道
5011102208965 ,广中路街道
5011102208965 ,广中路街道
5011102209034 ,广中路街道
5011102209070 ,广中路街道
5011102209105 ,广中路街道
5011102209138 ,广中路街道
5011102209213 ,广中路街道
5011102209249 ,广中路街道
5011102209250 ,广中路街道
5011102209251 ,广中路街道
5011612073504430 ,广中路街道
5012312131678450 ,广中路街道
5013848905027540 ,广中路街道
5014964453838010 ,广中路街道
5015162836815060 ,广中路街道
5016389495337740 ,广中路街道
5016389501103390 ,广中路街道
5016389501103820 ,广中路街道
5016389558274210 ,广中路街道
509099290096520 ,广中路街道
509821540057637 ,广中路街道
509821540057639 ,广中路街道
509821540057838 ,广中路街道
509821540319251 ,广中路街道
509821540319424 ,广中路街道
509821540319465 ,广中路街道
509821540319534 ,广中路街道
509977363955874 ,广中路街道
509977363955960 ,广中路街道
509977363956168 ,广中路街道
5011000017185 ,嘉兴路街道
5011000000099 ,嘉兴路街道
5011000000255 ,嘉兴路街道
5011000000635 ,嘉兴路街道
5011000000831 ,嘉兴路街道
5011000000865 ,嘉兴路街道
5011000001002 ,嘉兴路街道
5011000001280 ,嘉兴路街道
5011000001423 ,嘉兴路街道
5011000001454 ,嘉兴路街道
5011000001462 ,嘉兴路街道
5011000001541 ,嘉兴路街道
5011000002158 ,嘉兴路街道
5011000002534 ,嘉兴路街道
5011000002544 ,嘉兴路街道
5011000002681 ,嘉兴路街道
5011000002751 ,嘉兴路街道
5011000002838 ,嘉兴路街道
5011000003098 ,嘉兴路街道
5011000003120 ,嘉兴路街道
5011000003182 ,嘉兴路街道
5011000003182 ,嘉兴路街道
5011000003278 ,嘉兴路街道
5011000003280 ,嘉兴路街道
5011000003356 ,嘉兴路街道
5011000003365 ,嘉兴路街道
5011000003549 ,嘉兴路街道
5011000003553 ,嘉兴路街道
5011000003633 ,嘉兴路街道
5011000003954 ,嘉兴路街道
5011000004047 ,嘉兴路街道
5011000004089 ,嘉兴路街道
5011000004302 ,嘉兴路街道
5011000004478 ,嘉兴路街道
5011000004542 ,嘉兴路街道
5011000004853 ,嘉兴路街道
5011000005007 ,嘉兴路街道
5011000005008 ,嘉兴路街道
5011000005067 ,嘉兴路街道
5011000005076 ,嘉兴路街道
5011000005119 ,嘉兴路街道
5011000005175 ,嘉兴路街道
5011000005248 ,嘉兴路街道
5011000005260 ,嘉兴路街道
5011000005299 ,嘉兴路街道
5011000005352 ,嘉兴路街道
5011000005352 ,嘉兴路街道
5011000006742 ,嘉兴路街道
5011000006757 ,嘉兴路街道
5011000007377 ,嘉兴路街道
5011000008600 ,嘉兴路街道
5011000008992 ,嘉兴路街道
5011000009011 ,嘉兴路街道
5011000009433 ,嘉兴路街道
5011000009637 ,嘉兴路街道
5011000009651 ,嘉兴路街道
5011000010259 ,嘉兴路街道
5011000010400 ,嘉兴路街道
5011000010436 ,嘉兴路街道
5011000010436 ,嘉兴路街道
5011000011052 ,嘉兴路街道
5011000011195 ,嘉兴路街道
5011000011203 ,嘉兴路街道
5011000011967 ,嘉兴路街道
5011000012425 ,嘉兴路街道
5011000012446 ,嘉兴路街道
5011000012568 ,嘉兴路街道
5011000012607 ,嘉兴路街道
5011000012646 ,嘉兴路街道
5011000012864 ,嘉兴路街道
5011000013085 ,嘉兴路街道
5011000013279 ,嘉兴路街道
5011000013404 ,嘉兴路街道
5011000013821 ,嘉兴路街道
5011000014343 ,嘉兴路街道
5011000015451 ,嘉兴路街道
5011000015670 ,嘉兴路街道
5011000015756 ,嘉兴路街道
5011000015766 ,嘉兴路街道
5011000015862 ,嘉兴路街道
5011000016111 ,嘉兴路街道
5011000016279 ,嘉兴路街道
5011000016304 ,嘉兴路街道
5011000016789 ,嘉兴路街道
5011000016811 ,嘉兴路街道
5011000016901 ,嘉兴路街道
5011000017007 ,嘉兴路街道
5011000017013 ,嘉兴路街道
5011000017025 ,嘉兴路街道
5011000017185 ,嘉兴路街道
5011000017344 ,嘉兴路街道
5011000017559 ,嘉兴路街道
5011000017849 ,嘉兴路街道
5011000018014 ,嘉兴路街道
5011000018055 ,嘉兴路街道
5011000018055 ,嘉兴路街道
5011000020441 ,嘉兴路街道
5011063202151 ,嘉兴路街道
5012745558208860 ,嘉兴路街道
5012970736497270 ,嘉兴路街道
5013579217810100 ,嘉兴路街道
5016389495337250 ,嘉兴路街道
5016389501103670 ,嘉兴路街道
5016389506369610 ,嘉兴路街道
5016389545930200 ,嘉兴路街道
509821540057150 ,嘉兴路街道
509821540057888 ,嘉兴路街道
509821540057902 ,嘉兴路街道
5010365452168680 ,江湾镇街道
5011000000150 ,江湾镇街道
5011000000164 ,江湾镇街道
5011000000192 ,江湾镇街道
5011000000568 ,江湾镇街道
5011000001044 ,江湾镇街道
5011000001140 ,江湾镇街道
5011000001198 ,江湾镇街道
5011000001223 ,江湾镇街道
5011000001425 ,江湾镇街道
5011000001496 ,江湾镇街道
5011000001787 ,江湾镇街道
5011000001829 ,江湾镇街道
5011000002035 ,江湾镇街道
5011000003019 ,江湾镇街道
5011000003021 ,江湾镇街道
5011000003069 ,江湾镇街道
5011000003198 ,江湾镇街道
5011000003209 ,江湾镇街道
5011000003213 ,江湾镇街道
5011000003242 ,江湾镇街道
5011000003344 ,江湾镇街道
5011000003396 ,江湾镇街道
5011000003415 ,江湾镇街道
5011000003415 ,江湾镇街道
5011000003606 ,江湾镇街道
5011000003641 ,江湾镇街道
5011000003805 ,江湾镇街道
5011000003813 ,江湾镇街道
5011000003987 ,江湾镇街道
5011000004281 ,江湾镇街道
5011000004320 ,江湾镇街道
5011000004320 ,江湾镇街道
5011000004322 ,江湾镇街道
5011000004327 ,江湾镇街道
5011000004331 ,江湾镇街道
5011000004481 ,江湾镇街道
5011000004680 ,江湾镇街道
5011000004723 ,江湾镇街道
5011000004836 ,江湾镇街道
5011000005027 ,江湾镇街道
5011000005045 ,江湾镇街道
5011000005401 ,江湾镇街道
5011000005439 ,江湾镇街道
5011000005526 ,江湾镇街道
5011000005985 ,江湾镇街道
5011000006185 ,江湾镇街道
5011000006187 ,江湾镇街道
5011000006188 ,江湾镇街道
5011000006585 ,江湾镇街道
5011000006592 ,江湾镇街道
5011000006694 ,江湾镇街道
5011000006775 ,江湾镇街道
5011000006775 ,江湾镇街道
5011000006805 ,江湾镇街道
5011000007154 ,江湾镇街道
5011000007230 ,江湾镇街道
5011000007243 ,江湾镇街道
5011000007360 ,江湾镇街道
5011000007369 ,江湾镇街道
5011000007369 ,江湾镇街道
5011000007590 ,江湾镇街道
5011000007602 ,江湾镇街道
5011000007643 ,江湾镇街道
5011000008615 ,江湾镇街道
5011000008820 ,江湾镇街道
5011000009012 ,江湾镇街道
5011000009416 ,江湾镇街道
5011000010047 ,江湾镇街道
5011000010213 ,江湾镇街道
5011000010250 ,江湾镇街道
5011000010250 ,江湾镇街道
5011000010775 ,江湾镇街道
5011000011050 ,江湾镇街道
5011000011167 ,江湾镇街道
5011000011755 ,江湾镇街道
5011000011815 ,江湾镇街道
5011000011998 ,江湾镇街道
5011000012098 ,江湾镇街道
5011000012275 ,江湾镇街道
5011000012340 ,江湾镇街道
5011000012475 ,江湾镇街道
5011000012527 ,江湾镇街道
5011000012597 ,江湾镇街道
5011000012626 ,江湾镇街道
5011000012682 ,江湾镇街道
5011000012821 ,江湾镇街道
5011000012865 ,江湾镇街道
5011000013184 ,江湾镇街道
5011000013236 ,江湾镇街道
5011000013387 ,江湾镇街道
5011000013419 ,江湾镇街道
5011000013441 ,江湾镇街道
5011000013457 ,江湾镇街道
5011000013580 ,江湾镇街道
5011000013616 ,江湾镇街道
5011000013786 ,江湾镇街道
5011000013918 ,江湾镇街道
5011000013987 ,江湾镇街道
5011000014147 ,江湾镇街道
5011000014386 ,江湾镇街道
5011000014507 ,江湾镇街道
5011000014552 ,江湾镇街道
5011000014738 ,江湾镇街道
5011000014821 ,江湾镇街道
5011000014897 ,江湾镇街道
5011000015068 ,江湾镇街道
5011000015286 ,江湾镇街道
5011000015674 ,江湾镇街道
5011000015688 ,江湾镇街道
5011000015843 ,江湾镇街道
5011000016525 ,江湾镇街道
5011000016832 ,江湾镇街道
5011000017483 ,江湾镇街道
5011000017878 ,江湾镇街道
5011000018548 ,江湾镇街道
5011000018954 ,江湾镇街道
5011000019143 ,江湾镇街道
5011000019146 ,江湾镇街道
5011000019226 ,江湾镇街道
5011000019519 ,江湾镇街道
5011000019634 ,江湾镇街道
5011000019657 ,江湾镇街道
5011000019817 ,江湾镇街道
5011000020375 ,江湾镇街道
5011000020442 ,江湾镇街道
5011000020506 ,江湾镇街道
5011001743815610 ,江湾镇街道
5011063203022 ,江湾镇街道
5011063203022 ,江湾镇街道
5011102209017 ,江湾镇街道
5011102209338 ,江湾镇街道
5011102209653 ,江湾镇街道
5011102209670 ,江湾镇街道
5011102209793 ,江湾镇街道
5011102209874 ,江湾镇街道
5011102209875 ,江湾镇街道
5011102209878 ,江湾镇街道
5011102209939 ,江湾镇街道
5011102209940 ,江湾镇街道
5011102209940 ,江湾镇街道
5011102210004 ,江湾镇街道
5011102210004 ,江湾镇街道
5014648357432970 ,江湾镇街道
5015033184825920 ,江湾镇街道
5015961223105900 ,江湾镇街道
5016389398891330 ,江湾镇街道
5016389495337040 ,江湾镇街道
5016389495337200 ,江湾镇街道
5016389501103370 ,江湾镇街道
5016389501103820 ,江湾镇街道
5016389501103860 ,江湾镇街道
5016389543047740 ,江湾镇街道
5016389558274210 ,江湾镇街道
5016635435715320 ,江湾镇街道
5020022490277880 ,江湾镇街道
508730707504549 ,江湾镇街道
509821540057157 ,江湾镇街道
509821540057456 ,江湾镇街道
509821540057654 ,江湾镇街道
509821540058046 ,江湾镇街道
509821540319458 ,江湾镇街道
509977363955873 ,江湾镇街道
509977363955924 ,江湾镇街道
509977363955975 ,江湾镇街道
509977363956047 ,江湾镇街道
509977363956065 ,江湾镇街道
509977363956068 ,江湾镇街道
509977363956176 ,江湾镇街道
5011000004332 ,江湾镇街道
5011000006805 ,江湾镇街道
5011000003303 ,凉城新村街道
5011000015861 ,凉城新村街道
5011000000443 ,凉城新村街道
5011000000448 ,凉城新村街道
5011000000824 ,凉城新村街道
5011000002352 ,凉城新村街道
5011000002387 ,凉城新村街道
5011000003948 ,凉城新村街道
5011000003991 ,凉城新村街道
5011000004325 ,凉城新村街道
5011000004334 ,凉城新村街道
5011000004335 ,凉城新村街道
5011000004364 ,凉城新村街道
5011000004370 ,凉城新村街道
5011000004388 ,凉城新村街道
5011000005425 ,凉城新村街道
5011000005500 ,凉城新村街道
5011000006145 ,凉城新村街道
5011000006389 ,凉城新村街道
5011000006424 ,凉城新村街道
5011000006737 ,凉城新村街道
5011000006822 ,凉城新村街道
5011000007016 ,凉城新村街道
5011000007170 ,凉城新村街道
5011000007196 ,凉城新村街道
5011000007379 ,凉城新村街道
5011000008192 ,凉城新村街道
5011000008395 ,凉城新村街道
5011000008887 ,凉城新村街道
5011000009202 ,凉城新村街道
5011000009878 ,凉城新村街道
5011000009977 ,凉城新村街道
5011000010828 ,凉城新村街道
5011000010940 ,凉城新村街道
5011000011378 ,凉城新村街道
5011000011603 ,凉城新村街道
5011000012125 ,凉城新村街道
5011000012148 ,凉城新村街道
5011000012150 ,凉城新村街道
5011000012385 ,凉城新村街道
5011000012762 ,凉城新村街道
5011000012802 ,凉城新村街道
5011000012937 ,凉城新村街道
5011000013031 ,凉城新村街道
5011000013516 ,凉城新村街道
5011000013623 ,凉城新村街道
5011000013767 ,凉城新村街道
5011000013823 ,凉城新村街道
5011000013842 ,凉城新村街道
5011000013966 ,凉城新村街道
5011000014171 ,凉城新村街道
5011000014177 ,凉城新村街道
5011000014177 ,凉城新村街道
5011000014181 ,凉城新村街道
5011000014255 ,凉城新村街道
5011000014279 ,凉城新村街道
5011000014647 ,凉城新村街道
5011000014659 ,凉城新村街道
5011000014663 ,凉城新村街道
5011000014703 ,凉城新村街道
5011000014703 ,凉城新村街道
5011000014805 ,凉城新村街道
5011000014836 ,凉城新村街道
5011000014844 ,凉城新村街道
5011000014963 ,凉城新村街道
5011000014963 ,凉城新村街道
5011000015452 ,凉城新村街道
5011000016026 ,凉城新村街道
5011000016943 ,凉城新村街道
5011000017512 ,凉城新村街道
5011000017547 ,凉城新村街道
5011000018272 ,凉城新村街道
5011000018893 ,凉城新村街道
5011000018928 ,凉城新村街道
5011000018952 ,凉城新村街道
5011000019103 ,凉城新村街道
5011000019190 ,凉城新村街道
5011063202340 ,凉城新村街道
5011102207036 ,凉城新村街道
5011102209287 ,凉城新村街道
5011102209352 ,凉城新村街道
5011102209442 ,凉城新村街道
5020021884040300 ,凉城新村街道
5020027175395840 ,凉城新村街道
508888414384929 ,凉城新村街道
509821540057780 ,凉城新村街道
509821540057980 ,凉城新村街道
5011000004335 ,凉城新村街道
5011000006424 ,凉城新村街道
5011000009978 ,凉城新村街道
5010163580055580 ,欧阳路街道
5010956372716770 ,欧阳路街道
5010972713463350 ,欧阳路街道
5011000000573 ,欧阳路街道
5011000000678 ,欧阳路街道
5011000000985 ,欧阳路街道
5011000001035 ,欧阳路街道
5011000001499 ,欧阳路街道
5011000001664 ,欧阳路街道
5011000001695 ,欧阳路街道
5011000001905 ,欧阳路街道
5011000002213 ,欧阳路街道
5011000002349 ,欧阳路街道
5011000002510 ,欧阳路街道
5011000002696 ,欧阳路街道
5011000002767 ,欧阳路街道
5011000002962 ,欧阳路街道
5011000002994 ,欧阳路街道
5011000003051 ,欧阳路街道
5011000003211 ,欧阳路街道
5011000003420 ,欧阳路街道
5011000003838 ,欧阳路街道
5011000003953 ,欧阳路街道
5011000004363 ,欧阳路街道
5011000004406 ,欧阳路街道
5011000004552 ,欧阳路街道
5011000004665 ,欧阳路街道
5011000004880 ,欧阳路街道
5011000004902 ,欧阳路街道
5011000005194 ,欧阳路街道
5011000005331 ,欧阳路街道
5011000005565 ,欧阳路街道
5011000005565 ,欧阳路街道
5011000005969 ,欧阳路街道
5011000006105 ,欧阳路街道
5011000006328 ,欧阳路街道
5011000006342 ,欧阳路街道
5011000006420 ,欧阳路街道
5011000006611 ,欧阳路街道
5011000006803 ,欧阳路街道
5011000007140 ,欧阳路街道
5011000007386 ,欧阳路街道
5011000007436 ,欧阳路街道
5011000007840 ,欧阳路街道
5011000007998 ,欧阳路街道
5011000008029 ,欧阳路街道
5011000008191 ,欧阳路街道
5011000009597 ,欧阳路街道
5011000010080 ,欧阳路街道
5011000011155 ,欧阳路街道
5011000011588 ,欧阳路街道
5011000011741 ,欧阳路街道
5011000012316 ,欧阳路街道
5011000012594 ,欧阳路街道
5011000012861 ,欧阳路街道
5011000013398 ,欧阳路街道
5011000013511 ,欧阳路街道
5011000013567 ,欧阳路街道
5011000013794 ,欧阳路街道
5011000013976 ,欧阳路街道
5011000014975 ,欧阳路街道
5011000015000 ,欧阳路街道
5011000015099 ,欧阳路街道
5011000015199 ,欧阳路街道
5011000015288 ,欧阳路街道
5011000015415 ,欧阳路街道
5011000015478 ,欧阳路街道
5011000015484 ,欧阳路街道
5011000015635 ,欧阳路街道
5011000015762 ,欧阳路街道
5011000015834 ,欧阳路街道
5011000015841 ,欧阳路街道
5011000015851 ,欧阳路街道
5011000016179 ,欧阳路街道
5011000016732 ,欧阳路街道
5011000016758 ,欧阳路街道
5011000016768 ,欧阳路街道
5011000016874 ,欧阳路街道
5011000017142 ,欧阳路街道
5011000017414 ,欧阳路街道
5011000017416 ,欧阳路街道
5011000017511 ,欧阳路街道
5011000017532 ,欧阳路街道
5011000017549 ,欧阳路街道
5011000017560 ,欧阳路街道
5011000017657 ,欧阳路街道
5011000017664 ,欧阳路街道
5011000017823 ,欧阳路街道
5011000017831 ,欧阳路街道
5011000017953 ,欧阳路街道
5011000018809 ,欧阳路街道
5011000019188 ,欧阳路街道
5011000019188 ,欧阳路街道
5011000019803 ,欧阳路街道
5011000020378 ,欧阳路街道
5011000020391 ,欧阳路街道
5011000020393 ,欧阳路街道
5011000020420 ,欧阳路街道
5011000020480 ,欧阳路街道
5011063202027 ,欧阳路街道
5011063202553 ,欧阳路街道
5011063203094 ,欧阳路街道
5011063203194 ,欧阳路街道
5011102208625 ,欧阳路街道
5011102208636 ,欧阳路街道
5011102208671 ,欧阳路街道
5011102208680 ,欧阳路街道
5011102208784 ,欧阳路街道
5011102208813 ,欧阳路街道
5011102208814 ,欧阳路街道
5011102208848 ,欧阳路街道
5011499556056230 ,欧阳路街道
5011839275020240 ,欧阳路街道
5012216968687130 ,欧阳路街道
5012403208629420 ,欧阳路街道
5013285880771550 ,欧阳路街道
5014534101208110 ,欧阳路街道
5015506269835150 ,欧阳路街道
5016389495337090 ,欧阳路街道
5016389495337560 ,欧阳路街道
5016389501103520 ,欧阳路街道
5016389501103590 ,欧阳路街道
5016389506370040 ,欧阳路街道
5016389506370420 ,欧阳路街道
5016389543047290 ,欧阳路街道
5016389543047690 ,欧阳路街道
509821540057118 ,欧阳路街道
509821540057311 ,欧阳路街道
509821540057430 ,欧阳路街道
509821540057564 ,欧阳路街道
509821540057928 ,欧阳路街道
509821540319584 ,欧阳路街道
509977363955816 ,欧阳路街道
509977363955951 ,欧阳路街道
509977363956162 ,欧阳路街道
5011000017560 ,欧阳路街道
5011000017142 ,欧阳路街道
5011000017416 ,欧阳路街道
5011102208708 ,欧阳路街道
5012970523373970 ,欧阳路街道
5010023985492940 ,曲阳路街道
5010024972988460 ,曲阳路街道
5010141608193430 ,曲阳路街道
5010956521876530 ,曲阳路街道
5011000000190 ,曲阳路街道
5011000000206 ,曲阳路街道
5011000000587 ,曲阳路街道
5011000000754 ,曲阳路街道
5011000000846 ,曲阳路街道
5011000001522 ,曲阳路街道
5011000001932 ,曲阳路街道
5011000002695 ,曲阳路街道
5011000002861 ,曲阳路街道
5011000002948 ,曲阳路街道
5011000003299 ,曲阳路街道
5011000003346 ,曲阳路街道
5011000003555 ,曲阳路街道
5011000003758 ,曲阳路街道
5011000004012 ,曲阳路街道
5011000004095 ,曲阳路街道
5011000004186 ,曲阳路街道
5011000004186 ,曲阳路街道
5011000004511 ,曲阳路街道
5011000004624 ,曲阳路街道
5011000004860 ,曲阳路街道
5011000004862 ,曲阳路街道
5011000005158 ,曲阳路街道
5011000005450 ,曲阳路街道
5011000005461 ,曲阳路街道
5011000006154 ,曲阳路街道
5011000006211 ,曲阳路街道
5011000006428 ,曲阳路街道
5011000006538 ,曲阳路街道
5011000006588 ,曲阳路街道
5011000006830 ,曲阳路街道
5011000007246 ,曲阳路街道
5011000007603 ,曲阳路街道
5011000007611 ,曲阳路街道
5011000007800 ,曲阳路街道
5011000007867 ,曲阳路街道
5011000008590 ,曲阳路街道
5011000008801 ,曲阳路街道
5011000008821 ,曲阳路街道
5011000009094 ,曲阳路街道
5011000009283 ,曲阳路街道
5011000010033 ,曲阳路街道
5011000010044 ,曲阳路街道
5011000010190 ,曲阳路街道
5011000010973 ,曲阳路街道
5011000011221 ,曲阳路街道
5011000011338 ,曲阳路街道
5011000011338 ,曲阳路街道
5011000011367 ,曲阳路街道
5011000011529 ,曲阳路街道
5011000011534 ,曲阳路街道
5011000012258 ,曲阳路街道
5011000012335 ,曲阳路街道
5011000012363 ,曲阳路街道
5011000012363 ,曲阳路街道
5011000012789 ,曲阳路街道
5011000012868 ,曲阳路街道
5011000012880 ,曲阳路街道
5011000012896 ,曲阳路街道
5011000013127 ,曲阳路街道
5011000013191 ,曲阳路街道
5011000013220 ,曲阳路街道
5011000013307 ,曲阳路街道
5011000013507 ,曲阳路街道
5011000013597 ,曲阳路街道
5011000013597 ,曲阳路街道
5011000013665 ,曲阳路街道
5011000014264 ,曲阳路街道
5011000014296 ,曲阳路街道
5011000014459 ,曲阳路街道
5011000014705 ,曲阳路街道
5011000014946 ,曲阳路街道
5011000014946 ,曲阳路街道
5011000014946 ,曲阳路街道
5011000014946 ,曲阳路街道
5011000014951 ,曲阳路街道
5011000015074 ,曲阳路街道
5011000015587 ,曲阳路街道
5011000016009 ,曲阳路街道
5011000016345 ,曲阳路街道
5011000016345 ,曲阳路街道
5011000016345 ,曲阳路街道
5011000016345 ,曲阳路街道
5011000016589 ,曲阳路街道
5011000017283 ,曲阳路街道
5011000017472 ,曲阳路街道
5011000017552 ,曲阳路街道
5011000017697 ,曲阳路街道
5011000018473 ,曲阳路街道
5011000018574 ,曲阳路街道
5011000018805 ,曲阳路街道
5011000019798 ,曲阳路街道
5011000020395 ,曲阳路街道
5011000020431 ,曲阳路街道
5011000020484 ,曲阳路街道
5011000020492 ,曲阳路街道
5011000020493 ,曲阳路街道
5011102208871 ,曲阳路街道
5011102208872 ,曲阳路街道
5011102208874 ,曲阳路街道
5011102208925 ,曲阳路街道
5011102208935 ,曲阳路街道
5011102208937 ,曲阳路街道
5011102208941 ,曲阳路街道
5011102208941 ,曲阳路街道
5011102209177 ,曲阳路街道
5011102209196 ,曲阳路街道
5011102209197 ,曲阳路街道
5011102209220 ,曲阳路街道
5011102209221 ,曲阳路街道
5011102209231 ,曲阳路街道
5011102209382 ,曲阳路街道
5011102209383 ,曲阳路街道
5011102209436 ,曲阳路街道
5011187947056340 ,曲阳路街道
5011246607805550 ,曲阳路街道
5011899965026900 ,曲阳路街道
5012402875446220 ,曲阳路街道
5012970645271450 ,曲阳路街道
5013266536901990 ,曲阳路街道
5013420136247230 ,曲阳路街道
5014460545937660 ,曲阳路街道
5014873652113920 ,曲阳路街道
5015310780140510 ,曲阳路街道
5015412079111730 ,曲阳路街道
5015734099947740 ,曲阳路街道
5016389495337290 ,曲阳路街道
5016389495337910 ,曲阳路街道
5016389501103440 ,曲阳路街道
5016389501103500 ,曲阳路街道
5016389501103880 ,曲阳路街道
5016389501104020 ,曲阳路街道
5016389506369610 ,曲阳路街道
5016389506369770 ,曲阳路街道
5016389506370110 ,曲阳路街道
5016389506370250 ,曲阳路街道
5016389543047440 ,曲阳路街道
5016389558274240 ,曲阳路街道
5016635237248760 ,曲阳路街道
5020030493284440 ,曲阳路街道
509821540057159 ,曲阳路街道
509821540057402 ,曲阳路街道
509821540057894 ,曲阳路街道
509821540057904 ,曲阳路街道
509821540058104 ,曲阳路街道
509821540319453 ,曲阳路街道
509821540319453 ,曲阳路街道
509821540319463 ,曲阳路街道
509977363955783 ,曲阳路街道
509977363955855 ,曲阳路街道
509977363955927 ,曲阳路街道
509977363955953 ,曲阳路街道
509977363955990 ,曲阳路街道
509977363956305 ,曲阳路街道
5011000002095 ,曲阳路街道
5011000002663 ,四川北路街道
5011000002718 ,四川北路街道
5011000011137 ,四川北路街道
5012970751701350 ,四川北路街道
5014624383840160 ,四川北路街道
5011000000445 ,四川北路街道
5011000001038 ,四川北路街道
5011000001137 ,四川北路街道
5011000001162 ,四川北路街道
5011000001715 ,四川北路街道
5011000001744 ,四川北路街道
5011000002623 ,四川北路街道
5011000002689 ,四川北路街道
5011000003029 ,四川北路街道
5011000003203 ,四川北路街道
5011000003444 ,四川北路街道
5011000003551 ,四川北路街道
5011000004070 ,四川北路街道
5011000004071 ,四川北路街道
5011000004093 ,四川北路街道
5011000004330 ,四川北路街道
5011000004861 ,四川北路街道
5011000005384 ,四川北路街道
5011000005385 ,四川北路街道
5011000005483 ,四川北路街道
5011000005986 ,四川北路街道
5011000006346 ,四川北路街道
5011000006548 ,四川北路街道
5011000009227 ,四川北路街道
5011000009320 ,四川北路街道
5011000009568 ,四川北路街道
5011000010735 ,四川北路街道
5011000010842 ,四川北路街道
5011000011057 ,四川北路街道
5011000011503 ,四川北路街道
5011000012395 ,四川北路街道
5011000012788 ,四川北路街道
5011000014326 ,四川北路街道
5011000014481 ,四川北路街道
5011000015075 ,四川北路街道
5011000015098 ,四川北路街道
5011000015156 ,四川北路街道
5011000015268 ,四川北路街道
5011000015443 ,四川北路街道
5011000015480 ,四川北路街道
5011000015554 ,四川北路街道
5011000015554 ,四川北路街道
5011000015966 ,四川北路街道
5011000016210 ,四川北路街道
5011000016354 ,四川北路街道
5011000016907 ,四川北路街道
5011000017070 ,四川北路街道
5011000017140 ,四川北路街道
5011000017396 ,四川北路街道
5011000017415 ,四川北路街道
5011000017826 ,四川北路街道
5011000017882 ,四川北路街道
5011000017979 ,四川北路街道
5011000018231 ,四川北路街道
5011000020282 ,四川北路街道
5011102208446 ,四川北路街道
5011102208452 ,四川北路街道
5011102208463 ,四川北路街道
5011102208556 ,四川北路街道
5011102208558 ,四川北路街道
5011102208666 ,四川北路街道
5011102208717 ,四川北路街道
5011102208887 ,四川北路街道
5012156844126730 ,四川北路街道
5012422897217880 ,四川北路街道
5012970751701340 ,四川北路街道
5014234043821450 ,四川北路街道
5016389398891440 ,四川北路街道
5016389501103420 ,四川北路街道
5016389506370280 ,四川北路街道
5011102208573 ,四川北路街道
5011000004755 ,四平路街道
5011000015822 ,四平路街道
5011000020421 ,四平路街道
5011102208832 ,四平路街道
5011102208834 ,四平路街道
509821540057979 ,四平路街道
5011000000129 ,提篮桥街道
5011000000132 ,提篮桥街道
5011000000556 ,提篮桥街道
5011000001300 ,提篮桥街道
5011000001310 ,提篮桥街道
5011000001883 ,提篮桥街道
5011000001973 ,提篮桥街道
5011000002203 ,提篮桥街道
5011000002248 ,提篮桥街道
5011000002688 ,提篮桥街道
5011000002791 ,提篮桥街道
5011000003099 ,提篮桥街道
5011000003340 ,提篮桥街道
5011000003341 ,提篮桥街道
5011000004118 ,提篮桥街道
5011000004215 ,提篮桥街道
5011000004287 ,提篮桥街道
5011000004328 ,提篮桥街道
5011000004719 ,提篮桥街道
5011000004809 ,提篮桥街道
5011000005036 ,提篮桥街道
5011000005086 ,提篮桥街道
5011000005228 ,提篮桥街道
5011000005230 ,提篮桥街道
5011000005255 ,提篮桥街道
5011000005294 ,提篮桥街道
5011000005764 ,提篮桥街道
5011000006335 ,提篮桥街道
5011000006534 ,提篮桥街道
5011000007159 ,提篮桥街道
5011000007208 ,提篮桥街道
5011000007435 ,提篮桥街道
5011000008625 ,提篮桥街道
5011000009252 ,提篮桥街道
5011000009820 ,提篮桥街道
5011000010011 ,提篮桥街道
5011000010559 ,提篮桥街道
5011000010770 ,提篮桥街道
5011000010835 ,提篮桥街道
5011000011134 ,提篮桥街道
5011000011966 ,提篮桥街道
5011000012415 ,提篮桥街道
5011000012424 ,提篮桥街道
5011000012424 ,提篮桥街道
5011000012424 ,提篮桥街道
5011000012655 ,提篮桥街道
5011000013376 ,提篮桥街道
5011000013774 ,提篮桥街道
5011000013774 ,提篮桥街道
5011000013831 ,提篮桥街道
5011000014017 ,提篮桥街道
5011000014443 ,提篮桥街道
5011000014487 ,提篮桥街道
5011000014533 ,提篮桥街道
5011000014778 ,提篮桥街道
5011000014878 ,提篮桥街道
5011000015105 ,提篮桥街道
5011000015117 ,提篮桥街道
5011000015117 ,提篮桥街道
5011000015184 ,提篮桥街道
5011000016102 ,提篮桥街道
5011000016171 ,提篮桥街道
5011000016509 ,提篮桥街道
5011000017275 ,提篮桥街道
5011000017513 ,提篮桥街道
5011000017514 ,提篮桥街道
5011000017747 ,提篮桥街道
5011000017827 ,提篮桥街道
5011000018023 ,提篮桥街道
5011000018436 ,提篮桥街道
5011000020275 ,提篮桥街道
5011102208380 ,提篮桥街道
5011102208553 ,提篮桥街道
5013198541206220 ,提篮桥街道
5013787328163300 ,提篮桥街道
5014189200683410 ,提篮桥街道
5015871908261720 ,提篮桥街道
5015939564767510 ,提篮桥街道
5016141318894560 ,提篮桥街道
5016389501103440 ,提篮桥街道
5016389506370010 ,提篮桥街道
5016389543047340 ,提篮桥街道
5016389558274200 ,提篮桥街道
5016635237248800 ,提篮桥街道
5011000000068 ,半淞园路街道
5011000000089 ,半淞园路街道
5011000000234 ,半淞园路街道
5011000000407 ,半淞园路街道
5011000000440 ,半淞园路街道
5011000000673 ,半淞园路街道
5011000000972 ,半淞园路街道
5011000001239 ,半淞园路街道
5011000001239 ,半淞园路街道
5011000001611 ,半淞园路街道
5011000001611 ,半淞园路街道
5011000001628 ,半淞园路街道
5011000001734 ,半淞园路街道
5011000002191 ,半淞园路街道
5011000002438 ,半淞园路街道
5011000002835 ,半淞园路街道
5011000002951 ,半淞园路街道
5011000003048 ,半淞园路街道
5011000003052 ,半淞园路街道
5011000003574 ,半淞园路街道
5011000003951 ,半淞园路街道
5011000004175 ,半淞园路街道
5011000004569 ,半淞园路街道
5011000004693 ,半淞园路街道
5011000004720 ,半淞园路街道
5011000005166 ,半淞园路街道
5011000005167 ,半淞园路街道
5011000005237 ,半淞园路街道
5011000005251 ,半淞园路街道
5011000005364 ,半淞园路街道
5011000005371 ,半淞园路街道
5011000005601 ,半淞园路街道
5011000005601 ,半淞园路街道
5011000006142 ,半淞园路街道
5011000006159 ,半淞园路街道
5011000006170 ,半淞园路街道
5011000006183 ,半淞园路街道
5011000006329 ,半淞园路街道
5011000006352 ,半淞园路街道
5011000006387 ,半淞园路街道
5011000006387 ,半淞园路街道
5011000006550 ,半淞园路街道
5011000006550 ,半淞园路街道
5011000006552 ,半淞园路街道
5011000006593 ,半淞园路街道
5011000006754 ,半淞园路街道
5011000006774 ,半淞园路街道
5011000006795 ,半淞园路街道
5011000006814 ,半淞园路街道
5011000006836 ,半淞园路街道
5011000006950 ,半淞园路街道
5011000006965 ,半淞园路街道
5011000007003 ,半淞园路街道
5011000007005 ,半淞园路街道
5011000007422 ,半淞园路街道
5011000007437 ,半淞园路街道
5011000007458 ,半淞园路街道
5011000007570 ,半淞园路街道
5011000007772 ,半淞园路街道
5011000008385 ,半淞园路街道
5011000008409 ,半淞园路街道
5011000008422 ,半淞园路街道
5011000008619 ,半淞园路街道
5011000008815 ,半淞园路街道
5011000008837 ,半淞园路街道
5011000009256 ,半淞园路街道
5011000009822 ,半淞园路街道
5011000010964 ,半淞园路街道
5011000011598 ,半淞园路街道
5011000012194 ,半淞园路街道
5011000012209 ,半淞园路街道
5011000012392 ,半淞园路街道
5011000012420 ,半淞园路街道
5011000012596 ,半淞园路街道
5011000012771 ,半淞园路街道
5011000012785 ,半淞园路街道
5011000013093 ,半淞园路街道
5011000013093 ,半淞园路街道
5011000013093 ,半淞园路街道
5011000013135 ,半淞园路街道
5011000013373 ,半淞园路街道
5011000013648 ,半淞园路街道
5011000014013 ,半淞园路街道
5011000014291 ,半淞园路街道
5011000014352 ,半淞园路街道
5011000014422 ,半淞园路街道
5011000014988 ,半淞园路街道
5011000015070 ,半淞园路街道
5011000015096 ,半淞园路街道
5011000015162 ,半淞园路街道
5011000015418 ,半淞园路街道
5011000015479 ,半淞园路街道
5011000015551 ,半淞园路街道
5011000015553 ,半淞园路街道
5011000015644 ,半淞园路街道
5011000015658 ,半淞园路街道
5011000015695 ,半淞园路街道
5011000015699 ,半淞园路街道
5011000015852 ,半淞园路街道
5011000015865 ,半淞园路街道
5011000016050 ,半淞园路街道
5011000016151 ,半淞园路街道
5011000016181 ,半淞园路街道
5011000016331 ,半淞园路街道
5011000016416 ,半淞园路街道
5011000016419 ,半淞园路街道
5011000016510 ,半淞园路街道
5011000016576 ,半淞园路街道
5011000016703 ,半淞园路街道
5011000016929 ,半淞园路街道
5011000017128 ,半淞园路街道
5011000017213 ,半淞园路街道
5011000017213 ,半淞园路街道
5011000017306 ,半淞园路街道
5011000017314 ,半淞园路街道
5011000017337 ,半淞园路街道
5011000017676 ,半淞园路街道
5011000017862 ,半淞园路街道
5011000017930 ,半淞园路街道
5011000017942 ,半淞园路街道
5011000018025 ,半淞园路街道
5011000018124 ,半淞园路街道
5011000018133 ,半淞园路街道
5011000018274 ,半淞园路街道
5011000018290 ,半淞园路街道
5011000018339 ,半淞园路街道
5011000018368 ,半淞园路街道
5011000018519 ,半淞园路街道
5011000018630 ,半淞园路街道
5011000018630 ,半淞园路街道
5011063202235 ,半淞园路街道
5011102207705 ,半淞园路街道
5011102207708 ,半淞园路街道
5011102207723 ,半淞园路街道
5011102207772 ,半淞园路街道
5012240201724210 ,半淞园路街道
5012335995958160 ,半淞园路街道
508419989007952 ,半淞园路街道
509821540057483 ,半淞园路街道
509821540319354 ,半淞园路街道
509977363956206 ,半淞园路街道
5011000000284 ,打浦桥街道
5011000000284 ,打浦桥街道
5011000001073 ,打浦桥街道
5011000002075 ,打浦桥街道
5011000002747 ,打浦桥街道
5011000002764 ,打浦桥街道
5011000002880 ,打浦桥街道
5011000003942 ,打浦桥街道
5011000004851 ,打浦桥街道
5011000005157 ,打浦桥街道
5011000005477 ,打浦桥街道
5011000005637 ,打浦桥街道
5011000005896 ,打浦桥街道
5011000005982 ,打浦桥街道
5011000005982 ,打浦桥街道
5011000006067 ,打浦桥街道
5011000006078 ,打浦桥街道
5011000006078 ,打浦桥街道
5011000006227 ,打浦桥街道
5011000006251 ,打浦桥街道
5011000006265 ,打浦桥街道
5011000006268 ,打浦桥街道
5011000006269 ,打浦桥街道
5011000006433 ,打浦桥街道
5011000006481 ,打浦桥街道
5011000006702 ,打浦桥街道
5011000006897 ,打浦桥街道
5011000006902 ,打浦桥街道
5011000006931 ,打浦桥街道
5011000006938 ,打浦桥街道
5011000007009 ,打浦桥街道
5011000007019 ,打浦桥街道
5011000007019 ,打浦桥街道
5011000007046 ,打浦桥街道
5011000007052 ,打浦桥街道
5011000007067 ,打浦桥街道
5011000007113 ,打浦桥街道
5011000007129 ,打浦桥街道
5011000007148 ,打浦桥街道
5011000007324 ,打浦桥街道
5011000007432 ,打浦桥街道
5011000007513 ,打浦桥街道
5011000007533 ,打浦桥街道
5011000007545 ,打浦桥街道
5011000007546 ,打浦桥街道
5011000007562 ,打浦桥街道
5011000007739 ,打浦桥街道
5011000007740 ,打浦桥街道
5011000007761 ,打浦桥街道
5011000007949 ,打浦桥街道
5011000008087 ,打浦桥街道
5011000008096 ,打浦桥街道
5011000008099 ,打浦桥街道
5011000008110 ,打浦桥街道
5011000008115 ,打浦桥街道
5011000008284 ,打浦桥街道
5011000008288 ,打浦桥街道
5011000008447 ,打浦桥街道
5011000008471 ,打浦桥街道
5011000008547 ,打浦桥街道
5011000008694 ,打浦桥街道
5011000008697 ,打浦桥街道
5011000008726 ,打浦桥街道
5011000008749 ,打浦桥街道
5011000008766 ,打浦桥街道
5011000008935 ,打浦桥街道
5011000009114 ,打浦桥街道
5011000011156 ,打浦桥街道
5011000011199 ,打浦桥街道
5011000012437 ,打浦桥街道
5011000012575 ,打浦桥街道
5011000012580 ,打浦桥街道
5011000012593 ,打浦桥街道
5011000012598 ,打浦桥街道
5011000012599 ,打浦桥街道
5011000013111 ,打浦桥街道
5011000014027 ,打浦桥街道
5011000014098 ,打浦桥街道
5011000014354 ,打浦桥街道
5011000014569 ,打浦桥街道
5011000014680 ,打浦桥街道
5011000014992 ,打浦桥街道
5011000015144 ,打浦桥街道
5011000015310 ,打浦桥街道
5011000015379 ,打浦桥街道
5011000015519 ,打浦桥街道
5011000015520 ,打浦桥街道
5011000015521 ,打浦桥街道
5011000015525 ,打浦桥街道
5011000015646 ,打浦桥街道
5011000015735 ,打浦桥街道
5011000015876 ,打浦桥街道
5011000016183 ,打浦桥街道
5011000016250 ,打浦桥街道
5011000016268 ,打浦桥街道
5011000016272 ,打浦桥街道
5011000016284 ,打浦桥街道
5011000016314 ,打浦桥街道
5011000016398 ,打浦桥街道
5011000016402 ,打浦桥街道
5011000016404 ,打浦桥街道
5011000016409 ,打浦桥街道
5011000016662 ,打浦桥街道
5011000016734 ,打浦桥街道
5011000016766 ,打浦桥街道
5011000017058 ,打浦桥街道
5011000017081 ,打浦桥街道
5011000017169 ,打浦桥街道
5011000017198 ,打浦桥街道
5011000017401 ,打浦桥街道
5011000017534 ,打浦桥街道
5011000017578 ,打浦桥街道
5011000017603 ,打浦桥街道
5011000017611 ,打浦桥街道
5011000017903 ,打浦桥街道
5011000017991 ,打浦桥街道
5011000018043 ,打浦桥街道
5011000018118 ,打浦桥街道
5011000018510 ,打浦桥街道
5011000018510 ,打浦桥街道
5011000020160 ,打浦桥街道
5011102207728 ,打浦桥街道
5011102207753 ,打浦桥街道
5011102207761 ,打浦桥街道
5011102207802 ,打浦桥街道
5012970630066610 ,打浦桥街道
5018271585184820 ,打浦桥街道
509821540058081 ,打浦桥街道
509821540058081 ,打浦桥街道
509977363955856 ,打浦桥街道
5011000015552 ,打浦桥街道
5011000017520 ,打浦桥街道
5011000017960 ,打浦桥街道
5011000018340 ,打浦桥街道
5011000020159 ,打浦桥街道
5011102207802 ,打浦桥街道
5011000008459 ,淮海中路街道
5011000002091 ,淮海中路街道
5011000005153 ,淮海中路街道
5011000005340 ,淮海中路街道
5011000005609 ,淮海中路街道
5011000005639 ,淮海中路街道
5011000005935 ,淮海中路街道
5011000006647 ,淮海中路街道
5011000007308 ,淮海中路街道
5011000007339 ,淮海中路街道
5011000008142 ,淮海中路街道
5011000008142 ,淮海中路街道
5011000008333 ,淮海中路街道
5011000010864 ,淮海中路街道
5011000010865 ,淮海中路街道
5011000013768 ,淮海中路街道
5011000014482 ,淮海中路街道
5011000015253 ,淮海中路街道
5011000015309 ,淮海中路街道
5011000015467 ,淮海中路街道
5011000015565 ,淮海中路街道
5011000016251 ,淮海中路街道
5011000016472 ,淮海中路街道
5011000016524 ,淮海中路街道
5011000016667 ,淮海中路街道
5011000016895 ,淮海中路街道
5011000017302 ,淮海中路街道
5011000017376 ,淮海中路街道
5011000017540 ,淮海中路街道
5011000017661 ,淮海中路街道
5011000017682 ,淮海中路街道
5011000017755 ,淮海中路街道
5011000017799 ,淮海中路街道
5011000017896 ,淮海中路街道
5011000017918 ,淮海中路街道
5011000017925 ,淮海中路街道
5011000018435 ,淮海中路街道
5011102207868 ,淮海中路街道
509568200699568 ,淮海中路街道
5011000005959 ,淮海中路街道
5011000015309 ,淮海中路街道
5011000001007 ,老西门街道
5011000001615 ,老西门街道
5011000002366 ,老西门街道
5011000002427 ,老西门街道
5011000002615 ,老西门街道
5011000002966 ,老西门街道
5011000003277 ,老西门街道
5011000003597 ,老西门街道
5011000003902 ,老西门街道
5011000004084 ,老西门街道
5011000006144 ,老西门街道
5011000006147 ,老西门街道
5011000006336 ,老西门街道
5011000006371 ,老西门街道
5011000006543 ,老西门街道
5011000006543 ,老西门街道
5011000006547 ,老西门街道
5011000006581 ,老西门街道
5011000006750 ,老西门街道
5011000006750 ,老西门街道
5011000006759 ,老西门街道
5011000006820 ,老西门街道
5011000006964 ,老西门街道
5011000007193 ,老西门街道
5011000007375 ,老西门街道
5011000007381 ,老西门街道
5011000007382 ,老西门街道
5011000007614 ,老西门街道
5011000007769 ,老西门街道
5011000007808 ,老西门街道
5011000007851 ,老西门街道
5011000008182 ,老西门街道
5011000008214 ,老西门街道
5011000008603 ,老西门街道
5011000008621 ,老西门街道
5011000011201 ,老西门街道
5011000012645 ,老西门街道
5011000012804 ,老西门街道
5011000013306 ,老西门街道
5011000013493 ,老西门街道
5011000013864 ,老西门街道
5011000014086 ,老西门街道
5011000014245 ,老西门街道
5011000014553 ,老西门街道
5011000014596 ,老西门街道
5011000014613 ,老西门街道
5011000014783 ,老西门街道
5011000015112 ,老西门街道
5011000015210 ,老西门街道
5011000015698 ,老西门街道
5011000015807 ,老西门街道
5011000015917 ,老西门街道
5011000015942 ,老西门街道
5011000015993 ,老西门街道
5011000016040 ,老西门街道
5011000016213 ,老西门街道
5011000016512 ,老西门街道
5011000016698 ,老西门街道
5011000016772 ,老西门街道
5011000016976 ,老西门街道
5011000017357 ,老西门街道
5011000017372 ,老西门街道
5011000017420 ,老西门街道
5011000017420 ,老西门街道
5011000017420 ,老西门街道
5011000017489 ,老西门街道
5011000017498 ,老西门街道
5011000017599 ,老西门街道
5011000017645 ,老西门街道
5011000017674 ,老西门街道
5011000017683 ,老西门街道
5011000017694 ,老西门街道
5011000017715 ,老西门街道
5011000017778 ,老西门街道
5011000019275 ,老西门街道
5011000020169 ,老西门街道
5011102207858 ,老西门街道
5016389495337220 ,老西门街道
5016389501103330 ,老西门街道
5016389543047500 ,老西门街道
5020032737280800 ,老西门街道
509977363955918 ,老西门街道
5011000017315 ,南京东路街道
5011000000328 ,南京东路街道
5011000004083 ,南京东路街道
5011000004202 ,南京东路街道
5011000004257 ,南京东路街道
5011000004257 ,南京东路街道
5011000004887 ,南京东路街道
5011000004916 ,南京东路街道
5011000005966 ,南京东路街道
5011000005966 ,南京东路街道
5011000006137 ,南京东路街道
5011000006558 ,南京东路街道
5011000006838 ,南京东路街道
5011000006984 ,南京东路街道
5011000007158 ,南京东路街道
5011000007158 ,南京东路街道
5011000007306 ,南京东路街道
5011000007361 ,南京东路街道
5011000009448 ,南京东路街道
5011000010274 ,南京东路街道
5011000011059 ,南京东路街道
5011000013565 ,南京东路街道
5011000013731 ,南京东路街道
5011000014128 ,南京东路街道
5011000015079 ,南京东路街道
5011000015079 ,南京东路街道
5011000015081 ,南京东路街道
5011000015348 ,南京东路街道
5011000015363 ,南京东路街道
5011000015384 ,南京东路街道
5011000015453 ,南京东路街道
5011000015559 ,南京东路街道
5011000015563 ,南京东路街道
5011000015757 ,南京东路街道
5011000015929 ,南京东路街道
5011000016011 ,南京东路街道
5011000016057 ,南京东路街道
5011000016259 ,南京东路街道
5011000016276 ,南京东路街道
5011000016466 ,南京东路街道
5011000016499 ,南京东路街道
5011000016864 ,南京东路街道
5011000017083 ,南京东路街道
5011000017474 ,南京东路街道
5011000017653 ,南京东路街道
5011000017781 ,南京东路街道
5011000018004 ,南京东路街道
5011000018019 ,南京东路街道
5011000018111 ,南京东路街道
5011000018136 ,南京东路街道
5011000018276 ,南京东路街道
5011000018348 ,南京东路街道
5012970569249710 ,南京东路街道
5012970706350170 ,南京东路街道
5015233764068570 ,南京东路街道
5011000020198 ,南京东路街道
5011000020199 ,南京东路街道
5011000020199 ,南京东路街道
5011000002040 ,瑞金二路街道
5011000003193 ,瑞金二路街道
5011000003516 ,瑞金二路街道
5011000003518 ,瑞金二路街道
5011000003877 ,瑞金二路街道
5011000004063 ,瑞金二路街道
5011000004423 ,瑞金二路街道
5011000004698 ,瑞金二路街道
5011000004881 ,瑞金二路街道
5011000005116 ,瑞金二路街道
5011000005668 ,瑞金二路街道
5011000005668 ,瑞金二路街道
5011000005734 ,瑞金二路街道
5011000005803 ,瑞金二路街道
5011000005806 ,瑞金二路街道
5011000005829 ,瑞金二路街道
5011000006434 ,瑞金二路街道
5011000006660 ,瑞金二路街道
5011000006923 ,瑞金二路街道
5011000007049 ,瑞金二路街道
5011000007138 ,瑞金二路街道
5011000007332 ,瑞金二路街道
5011000007341 ,瑞金二路街道
5011000007353 ,瑞金二路街道
5011000007537 ,瑞金二路街道
5011000007722 ,瑞金二路街道
5011000008146 ,瑞金二路街道
5011000008177 ,瑞金二路街道
5011000008656 ,瑞金二路街道
5011000008691 ,瑞金二路街道
5011000008693 ,瑞金二路街道
5011000008711 ,瑞金二路街道
5011000009097 ,瑞金二路街道
5011000009331 ,瑞金二路街道
5011000009399 ,瑞金二路街道
5011000009465 ,瑞金二路街道
5011000010397 ,瑞金二路街道
5011000011293 ,瑞金二路街道
5011000011425 ,瑞金二路街道
5011000011428 ,瑞金二路街道
5011000011428 ,瑞金二路街道
5011000011487 ,瑞金二路街道
5011000011528 ,瑞金二路街道
5011000012319 ,瑞金二路街道
5011000013052 ,瑞金二路街道
5011000013325 ,瑞金二路街道
5011000014751 ,瑞金二路街道
5011000015127 ,瑞金二路街道
5011000015161 ,瑞金二路街道
5011000015354 ,瑞金二路街道
5011000015362 ,瑞金二路街道
5011000015412 ,瑞金二路街道
5011000015508 ,瑞金二路街道
5011000015873 ,瑞金二路街道
5011000015884 ,瑞金二路街道
5011000015888 ,瑞金二路街道
5011000016356 ,瑞金二路街道
5011000016570 ,瑞金二路街道
5011000016580 ,瑞金二路街道
5011000016862 ,瑞金二路街道
5011000016892 ,瑞金二路街道
5011000016989 ,瑞金二路街道
5011000017190 ,瑞金二路街道
5011000017494 ,瑞金二路街道
5011000017566 ,瑞金二路街道
5011000017902 ,瑞金二路街道
5011000017914 ,瑞金二路街道
5011000018145 ,瑞金二路街道
5011000018304 ,瑞金二路街道
5011000019514 ,瑞金二路街道
5011102207742 ,瑞金二路街道
5012970523374370 ,瑞金二路街道
5014620529274790 ,瑞金二路街道
5012337905938160 ,外滩街道
5011000001101 ,外滩街道
5011000002394 ,外滩街道
5011000003050 ,外滩街道
5011000003719 ,外滩街道
5011000005173 ,外滩街道
5011000005427 ,外滩街道
5011000005551 ,外滩街道
5011000006752 ,外滩街道
5011000006959 ,外滩街道
5011000007164 ,外滩街道
5011000007167 ,外滩街道
5011000008057 ,外滩街道
5011000008389 ,外滩街道
5011000008389 ,外滩街道
5011000008618 ,外滩街道
5011000011356 ,外滩街道
5011000011356 ,外滩街道
5011000012147 ,外滩街道
5011000014737 ,外滩街道
5011000014855 ,外滩街道
5011000015022 ,外滩街道
5011000015675 ,外滩街道
5011000015869 ,外滩街道
5011000016024 ,外滩街道
5011000016846 ,外滩街道
5011000017716 ,外滩街道
5011000017757 ,外滩街道
5011000017767 ,外滩街道
5011000020257 ,外滩街道
5011102208193 ,外滩街道
5011102208194 ,外滩街道
5012336190206840 ,外滩街道
5016389495337970 ,外滩街道
5017227020798430 ,外滩街道
509821540057717 ,外滩街道
509821540057717 ,外滩街道
5011000015965 ,外滩街道
5011000000067 ,五里桥街道
5011000000126 ,五里桥街道
5011000000447 ,五里桥街道
5011000000455 ,五里桥街道
5011000001199 ,五里桥街道
5011000001456 ,五里桥街道
5011000001885 ,五里桥街道
5011000002372 ,五里桥街道
5011000002372 ,五里桥街道
5011000002677 ,五里桥街道
5011000002704 ,五里桥街道
5011000002754 ,五里桥街道
5011000002782 ,五里桥街道
5011000002807 ,五里桥街道
5011000003141 ,五里桥街道
5011000003141 ,五里桥街道
5011000003208 ,五里桥街道
5011000003214 ,五里桥街道
5011000003214 ,五里桥街道
5011000003506 ,五里桥街道
5011000003596 ,五里桥街道
5011000003745 ,五里桥街道
5011000003792 ,五里桥街道
5011000003792 ,五里桥街道
5011000003972 ,五里桥街道
5011000004637 ,五里桥街道
5011000004705 ,五里桥街道
5011000005632 ,五里桥街道
5011000005640 ,五里桥街道
5011000005696 ,五里桥街道
5011000005698 ,五里桥街道
5011000005819 ,五里桥街道
5011000005964 ,五里桥街道
5011000005983 ,五里桥街道
5011000006040 ,五里桥街道
5011000006040 ,五里桥街道
5011000006061 ,五里桥街道
5011000006061 ,五里桥街道
5011000006076 ,五里桥街道
5011000006133 ,五里桥街道
5011000006134 ,五里桥街道
5011000006140 ,五里桥街道
5011000006151 ,五里桥街道
5011000006151 ,五里桥街道
5011000006235 ,五里桥街道
5011000006235 ,五里桥街道
5011000006312 ,五里桥街道
5011000006347 ,五里桥街道
5011000006497 ,五里桥街道
5011000006518 ,五里桥街道
5011000006612 ,五里桥街道
5011000006627 ,五里桥街道
5011000006819 ,五里桥街道
5011000006847 ,五里桥街道
5011000006875 ,五里桥街道
5011000006886 ,五里桥街道
5011000006901 ,五里桥街道
5011000007145 ,五里桥街道
5011000007290 ,五里桥街道
5011000007380 ,五里桥街道
5011000007520 ,五里桥街道
5011000007531 ,五里桥街道
5011000007674 ,五里桥街道
5011000007690 ,五里桥街道
5011000007704 ,五里桥街道
5011000007707 ,五里桥街道
5011000007879 ,五里桥街道
5011000008078 ,五里桥街道
5011000008304 ,五里桥街道
5011000008454 ,五里桥街道
5011000008478 ,五里桥街道
5011000008481 ,五里桥街道
5011000008541 ,五里桥街道
5011000008644 ,五里桥街道
5011000008650 ,五里桥街道
5011000008748 ,五里桥街道
5011000010466 ,五里桥街道
5011000011245 ,五里桥街道
5011000011459 ,五里桥街道
5011000011728 ,五里桥街道
5011000011775 ,五里桥街道
5011000011802 ,五里桥街道
5011000012023 ,五里桥街道
5011000012228 ,五里桥街道
5011000012490 ,五里桥街道
5011000013353 ,五里桥街道
5011000013476 ,五里桥街道
5011000013709 ,五里桥街道
5011000013815 ,五里桥街道
5011000013998 ,五里桥街道
5011000014097 ,五里桥街道
5011000014239 ,五里桥街道
5011000014618 ,五里桥街道
5011000014618 ,五里桥街道
5011000014656 ,五里桥街道
5011000014674 ,五里桥街道
5011000014674 ,五里桥街道
5011000014674 ,五里桥街道
5011000014815 ,五里桥街道
5011000014987 ,五里桥街道
5011000015158 ,五里桥街道
5011000015178 ,五里桥街道
5011000015257 ,五里桥街道
5011000015272 ,五里桥街道
5011000015273 ,五里桥街道
5011000015302 ,五里桥街道
5011000015528 ,五里桥街道
5011000015577 ,五里桥街道
5011000015654 ,五里桥街道
5011000015839 ,五里桥街道
5011000016196 ,五里桥街道
5011000016414 ,五里桥街道
5011000016414 ,五里桥街道
5011000016905 ,五里桥街道
5011000017056 ,五里桥街道
5011000017123 ,五里桥街道
5011000017127 ,五里桥街道
5011000017138 ,五里桥街道
5011000017179 ,五里桥街道
5011000017229 ,五里桥街道
5011000017319 ,五里桥街道
5011000017331 ,五里桥街道
5011000017350 ,五里桥街道
5011000017380 ,五里桥街道
5011000017497 ,五里桥街道
5011000017580 ,五里桥街道
5011000017588 ,五里桥街道
5011000017673 ,五里桥街道
5011000017698 ,五里桥街道
5011000017701 ,五里桥街道
5011000017783 ,五里桥街道
5011000017797 ,五里桥街道
5011000017857 ,五里桥街道
5011000018044 ,五里桥街道
5011000018080 ,五里桥街道
5011000018469 ,五里桥街道
5011000020146 ,五里桥街道
5011000020175 ,五里桥街道
5011000020175 ,五里桥街道
5011102205940 ,五里桥街道
5011102207617 ,五里桥街道
5011545118518880 ,五里桥街道
5011696670519400 ,五里桥街道
5012970660737490 ,五里桥街道
5015435295395690 ,五里桥街道
5015957348068930 ,五里桥街道
509821540057952 ,五里桥街道
509977363956029 ,五里桥街道
509977363956324 ,五里桥街道
5011000015737 ,五里桥街道
5011000017056 ,五里桥街道
5011000016041 ,小东门街道
5011000016041 ,小东门街道
5011063973751 ,小东门街道
5011000015926 ,小东门街道
5011000000247 ,小东门街道
5011000000522 ,小东门街道
5011000000989 ,小东门街道
5011000001159 ,小东门街道
5011000001732 ,小东门街道
5011000004614 ,小东门街道
5011000005227 ,小东门街道
5011000005316 ,小东门街道
5011000005410 ,小东门街道
5011000006003 ,小东门街道
5011000006766 ,小东门街道
5011000007191 ,小东门街道
5011000007609 ,小东门街道
5011000008425 ,小东门街道
5011000010227 ,小东门街道
5011000012680 ,小东门街道
5011000012767 ,小东门街道
5011000012797 ,小东门街道
5011000012849 ,小东门街道
5011000013219 ,小东门街道
5011000014083 ,小东门街道
5011000014624 ,小东门街道
5011000015334 ,小东门街道
5011000015652 ,小东门街道
5011000015832 ,小东门街道
5011000015926 ,小东门街道
5011000016178 ,小东门街道
5011000016224 ,小东门街道
5011000017093 ,小东门街道
5011000017145 ,小东门街道
5011000017168 ,小东门街道
5011000017473 ,小东门街道
5011000017571 ,小东门街道
5011000017870 ,小东门街道
5011000017901 ,小东门街道
5011000018012 ,小东门街道
5011000018033 ,小东门街道
5011000018345 ,小东门街道
5020028775152440 ,小东门街道
509821540319334 ,小东门街道
509821540319360 ,小东门街道
509821540319513 ,小东门街道
5010303644642570 ,豫园街道
5011000000108 ,豫园街道
5011000003115 ,豫园街道
5011000003874 ,豫园街道
5011000004187 ,豫园街道
5011000006388 ,豫园街道
5011000006749 ,豫园街道
5011000006764 ,豫园街道
5011000007171 ,豫园街道
5011000007370 ,豫园街道
5011000007396 ,豫园街道
5011000007405 ,豫园街道
5011000007565 ,豫园街道
5011000007599 ,豫园街道
5011000011061 ,豫园街道
5011000014270 ,豫园街道
5011000014270 ,豫园街道
5011000014270 ,豫园街道
5011000014872 ,豫园街道
5011000015504 ,豫园街道
5011000016079 ,豫园街道
5011000016263 ,豫园街道
5011000016659 ,豫园街道
5011000017737 ,豫园街道
5011000017909 ,豫园街道
5011000018048 ,豫园街道
5016389388382830 ,豫园街道
5020033194568950 ,豫园街道
509821540057270 ,豫园街道
509977363955961 ,豫园街道
509977363956244 ,豫园街道
5011000006747 ,豫园街道
5010341249986080 ,安亭镇
5011000001218 ,安亭镇
5011000001218 ,安亭镇
5011000001525 ,安亭镇
5011000001526 ,安亭镇
5011000001572 ,安亭镇
5011000001614 ,安亭镇
5011000001807 ,安亭镇
5011000002176 ,安亭镇
5011000002397 ,安亭镇
5011000002792 ,安亭镇
5011000003038 ,安亭镇
5011000003038 ,安亭镇
5011000003517 ,安亭镇
5011000003786 ,安亭镇
5011000004033 ,安亭镇
5011000004626 ,安亭镇
5011000004642 ,安亭镇
5011000004696 ,安亭镇
5011000004997 ,安亭镇
5011000005020 ,安亭镇
5011000009648 ,安亭镇
5011000009981 ,安亭镇
5011000010430 ,安亭镇
5011000010430 ,安亭镇
5011000010449 ,安亭镇
5011000010592 ,安亭镇
5011000010631 ,安亭镇
5011000010804 ,安亭镇
5011000011375 ,安亭镇
5011000011549 ,安亭镇
5011000011553 ,安亭镇
5011000011804 ,安亭镇
5011000011804 ,安亭镇
5011000012525 ,安亭镇
5011000012545 ,安亭镇
5011000012550 ,安亭镇
5011000012550 ,安亭镇
5011000012658 ,安亭镇
5011000012726 ,安亭镇
5011000012812 ,安亭镇
5011000013045 ,安亭镇
5011000013058 ,安亭镇
5011000013255 ,安亭镇
5011000013952 ,安亭镇
5011000014033 ,安亭镇
5011000014311 ,安亭镇
5011000014721 ,安亭镇
5011000014726 ,安亭镇
5011000014744 ,安亭镇
5011000014888 ,安亭镇
5011000016327 ,安亭镇
5011000017572 ,安亭镇
5011000018559 ,安亭镇
5011000018865 ,安亭镇
5011000019053 ,安亭镇
5011000019053 ,安亭镇
5011000019087 ,安亭镇
5011000019138 ,安亭镇
5011000019291 ,安亭镇
5011000019352 ,安亭镇
5011000019358 ,安亭镇
5011000019500 ,安亭镇
5011000019775 ,安亭镇
5011000019779 ,安亭镇
5011000020413 ,安亭镇
5011000020495 ,安亭镇
5011000020504 ,安亭镇
5011063580465 ,安亭镇
5011063974479 ,安亭镇
5011102208690 ,安亭镇
5011102208704 ,安亭镇
5011102208705 ,安亭镇
5011102208762 ,安亭镇
5011102208780 ,安亭镇
5011102208780 ,安亭镇
5011102208835 ,安亭镇
5011102209172 ,安亭镇
5011102209274 ,安亭镇
5011102209378 ,安亭镇
5011102209421 ,安亭镇
5011102209421 ,安亭镇
5011102209816 ,安亭镇
5011187947057050 ,安亭镇
5012745558209130 ,安亭镇
5013147378298850 ,安亭镇
5015002105818850 ,安亭镇
5015367171486210 ,安亭镇
5016181087210700 ,安亭镇
5016389371080650 ,安亭镇
5016389495336970 ,安亭镇
5016389495337660 ,安亭镇
5016389506369850 ,安亭镇
5016389543047180 ,安亭镇
5016389543047180 ,安亭镇
5016389545930180 ,安亭镇
5016389558274180 ,安亭镇
5016612386442470 ,安亭镇
509821540057547 ,安亭镇
509821540319439 ,安亭镇
509977363955833 ,安亭镇
509977363955841 ,安亭镇
509977363955842 ,安亭镇
509977363955913 ,安亭镇
509977363956260 ,安亭镇
509977363956273 ,安亭镇
509977363956308 ,安亭镇
5011000001295 ,安亭镇
5011000004032 ,安亭镇
5011000013056 ,华亭镇
5011102210194 ,华亭镇
5013652418900430 ,华亭镇
5016389398891280 ,华亭镇
5016389501103490 ,华亭镇
5016389506369770 ,华亭镇
5010295305057260 ,嘉定镇街道
5011000000033 ,嘉定镇街道
5011000000354 ,嘉定镇街道
5011000000483 ,嘉定镇街道
5011000000926 ,嘉定镇街道
5011000000954 ,嘉定镇街道
5011000001093 ,嘉定镇街道
5011000001124 ,嘉定镇街道
5011000001381 ,嘉定镇街道
5011000001646 ,嘉定镇街道
5011000001648 ,嘉定镇街道
5011000001947 ,嘉定镇街道
5011000002110 ,嘉定镇街道
5011000002110 ,嘉定镇街道
5011000002120 ,嘉定镇街道
5011000002278 ,嘉定镇街道
5011000002760 ,嘉定镇街道
5011000003720 ,嘉定镇街道
5011000004479 ,嘉定镇街道
5011000005024 ,嘉定镇街道
5011000005452 ,嘉定镇街道
5011000008628 ,嘉定镇街道
5011000008629 ,嘉定镇街道
5011000008823 ,嘉定镇街道
5011000010454 ,嘉定镇街道
5011000010759 ,嘉定镇街道
5011000011124 ,嘉定镇街道
5011000011124 ,嘉定镇街道
5011000011130 ,嘉定镇街道
5011000011352 ,嘉定镇街道
5011000011373 ,嘉定镇街道
5011000012142 ,嘉定镇街道
5011000013046 ,嘉定镇街道
5011000013099 ,嘉定镇街道
5011000013529 ,嘉定镇街道
5011000013781 ,嘉定镇街道
5011000014697 ,嘉定镇街道
5011000017978 ,嘉定镇街道
5011000018540 ,嘉定镇街道
5011000018869 ,嘉定镇街道
5011000018877 ,嘉定镇街道
5011000018880 ,嘉定镇街道
5011000018884 ,嘉定镇街道
5011000018884 ,嘉定镇街道
5011000018973 ,嘉定镇街道
5011000019083 ,嘉定镇街道
5011000019216 ,嘉定镇街道
5011000019218 ,嘉定镇街道
5011000019285 ,嘉定镇街道
5011000019309 ,嘉定镇街道
5011000019311 ,嘉定镇街道
5011000019371 ,嘉定镇街道
5011000019374 ,嘉定镇街道
5011000019410 ,嘉定镇街道
5011000019516 ,嘉定镇街道
5011000019577 ,嘉定镇街道
5011000019615 ,嘉定镇街道
5011000019625 ,嘉定镇街道
5011000019677 ,嘉定镇街道
5011000019680 ,嘉定镇街道
5011000019687 ,嘉定镇街道
5011000019699 ,嘉定镇街道
5011000019713 ,嘉定镇街道
5011000019744 ,嘉定镇街道
5011000019747 ,嘉定镇街道
5011000019747 ,嘉定镇街道
5011000019763 ,嘉定镇街道
5011000019780 ,嘉定镇街道
5011000020419 ,嘉定镇街道
5011000020594 ,嘉定镇街道
5011000020595 ,嘉定镇街道
5011000020599 ,嘉定镇街道
5011000020600 ,嘉定镇街道
5011102208398 ,嘉定镇街道
5011102208398 ,嘉定镇街道
5011102210024 ,嘉定镇街道
5011102210044 ,嘉定镇街道
5011102210044 ,嘉定镇街道
5011102210075 ,嘉定镇街道
5011102210133 ,嘉定镇街道
5011102210218 ,嘉定镇街道
5011102210249 ,嘉定镇街道
5011102210249 ,嘉定镇街道
5011102210450 ,嘉定镇街道
5011293397889340 ,嘉定镇街道
5011588012092500 ,嘉定镇街道
5011657595334010 ,嘉定镇街道
5012108769538830 ,嘉定镇街道
5013489898008200 ,嘉定镇街道
5014098442259490 ,嘉定镇街道
5014460545938290 ,嘉定镇街道
5014506888825070 ,嘉定镇街道
5014617874303780 ,嘉定镇街道
5016389495337210 ,嘉定镇街道
5016389495337250 ,嘉定镇街道
5016389495337660 ,嘉定镇街道
5016389501103330 ,嘉定镇街道
5016389501103730 ,嘉定镇街道
5016389501103800 ,嘉定镇街道
5016389506369570 ,嘉定镇街道
5016389506369690 ,嘉定镇街道
5016389506369980 ,嘉定镇街道
5016389506369990 ,嘉定镇街道
5016389506370030 ,嘉定镇街道
5016389506370340 ,嘉定镇街道
5016389545929980 ,嘉定镇街道
5016389545930010 ,嘉定镇街道
5016389545930090 ,嘉定镇街道
5016389558274150 ,嘉定镇街道
5016389558274170 ,嘉定镇街道
5020030551075240 ,嘉定镇街道
508305017630876 ,嘉定镇街道
509821540057244 ,嘉定镇街道
509821540057389 ,嘉定镇街道
509821540057482 ,嘉定镇街道
509821540057936 ,嘉定镇街道
509821540057978 ,嘉定镇街道
509821540058013 ,嘉定镇街道
509821540319423 ,嘉定镇街道
509977363955724 ,嘉定镇街道
509977363955819 ,嘉定镇街道
509977363955832 ,嘉定镇街道
509977363955834 ,嘉定镇街道
509977363955838 ,嘉定镇街道
509977363955882 ,嘉定镇街道
509977363955888 ,嘉定镇街道
509977363955928 ,嘉定镇街道
509977363955955 ,嘉定镇街道
509977363955980 ,嘉定镇街道
509977363956028 ,嘉定镇街道
509977363956078 ,嘉定镇街道
509977363956091 ,嘉定镇街道
509977363956122 ,嘉定镇街道
509977363956128 ,嘉定镇街道
509977363956150 ,嘉定镇街道
509977363956151 ,嘉定镇街道
509977363956202 ,嘉定镇街道
509977363956259 ,嘉定镇街道
509977363956284 ,嘉定镇街道
509977363956346 ,嘉定镇街道
5016389495337300 ,嘉定镇街道
5011000014730 ,嘉定镇街道
5011000014730 ,嘉定镇街道
5014399722762280 ,嘉定镇街道
5010295305057240 ,江桥镇
5011000000468 ,江桥镇
5011000000586 ,江桥镇
5011000000652 ,江桥镇
5011000000695 ,江桥镇
5011000001243 ,江桥镇
5011000001243 ,江桥镇
5011000001243 ,江桥镇
5011000001685 ,江桥镇
5011000001849 ,江桥镇
5011000002933 ,江桥镇
5011000003129 ,江桥镇
5011000003335 ,江桥镇
5011000003355 ,江桥镇
5011000003455 ,江桥镇
5011000003515 ,江桥镇
5011000004305 ,江桥镇
5011000004645 ,江桥镇
5011000004737 ,江桥镇
5011000005426 ,江桥镇
5011000005610 ,江桥镇
5011000007809 ,江桥镇
5011000008405 ,江桥镇
5011000009869 ,江桥镇
5011000009869 ,江桥镇
5011000009869 ,江桥镇
5011000009994 ,江桥镇
5011000011021 ,江桥镇
5011000011024 ,江桥镇
5011000011170 ,江桥镇
5011000011372 ,江桥镇
5011000011385 ,江桥镇
5011000011521 ,江桥镇
5011000011771 ,江桥镇
5011000012004 ,江桥镇
5011000012086 ,江桥镇
5011000012102 ,江桥镇
5011000012257 ,江桥镇
5011000012354 ,江桥镇
5011000012511 ,江桥镇
5011000012632 ,江桥镇
5011000012672 ,江桥镇
5011000012845 ,江桥镇
5011000012946 ,江桥镇
5011000013109 ,江桥镇
5011000013217 ,江桥镇
5011000013444 ,江桥镇
5011000013470 ,江桥镇
5011000013540 ,江桥镇
5011000013617 ,江桥镇
5011000013628 ,江桥镇
5011000013663 ,江桥镇
5011000013874 ,江桥镇
5011000013874 ,江桥镇
5011000013874 ,江桥镇
5011000013981 ,江桥镇
5011000014367 ,江桥镇
5011000014417 ,江桥镇
5011000014535 ,江桥镇
5011000014597 ,江桥镇
5011000014658 ,江桥镇
5011000014983 ,江桥镇
5011000016546 ,江桥镇
5011000016900 ,江桥镇
5011000017057 ,江桥镇
5011000018319 ,江桥镇
5011000018536 ,江桥镇
5011000018538 ,江桥镇
5011000018554 ,江桥镇
5011000019305 ,江桥镇
5011000019305 ,江桥镇
5011000019512 ,江桥镇
5011000019695 ,江桥镇
5011000019777 ,江桥镇
5011102208153 ,江桥镇
5011102208191 ,江桥镇
5011102208191 ,江桥镇
5011102208192 ,江桥镇
5011102208359 ,江桥镇
5011102208359 ,江桥镇
5011102208868 ,江桥镇
5011102210182 ,江桥镇
5014081313246250 ,江桥镇
5015122710932980 ,江桥镇
5016389495337120 ,江桥镇
5016389501103130 ,江桥镇
5016389501103720 ,江桥镇
5016389545930200 ,江桥镇
5020028260066530 ,江桥镇
509821540057695 ,江桥镇
509821540319482 ,江桥镇
509821540319482 ,江桥镇
509821540319483 ,江桥镇
509821540319485 ,江桥镇
509821540319485 ,江桥镇
509821540319486 ,江桥镇
509821540319487 ,江桥镇
509977363955725 ,江桥镇
509977363956018 ,江桥镇
5011000000019 ,菊园新区管委会
5011000000041 ,菊园新区管委会
5011000000158 ,菊园新区管委会
5011000000176 ,菊园新区管委会
5011000000177 ,菊园新区管委会
5011000000311 ,菊园新区管委会
5011000000317 ,菊园新区管委会
5011000000474 ,菊园新区管委会
5011000000646 ,菊园新区管委会
5011000000665 ,菊园新区管委会
5011000000767 ,菊园新区管委会
5011000000775 ,菊园新区管委会
5011000000807 ,菊园新区管委会
5011000000969 ,菊园新区管委会
5011000001113 ,菊园新区管委会
5011000001120 ,菊园新区管委会
5011000001169 ,菊园新区管委会
5011000001169 ,菊园新区管委会
5011000001169 ,菊园新区管委会
5011000001169 ,菊园新区管委会
5011000001227 ,菊园新区管委会
5011000001232 ,菊园新区管委会
5011000001232 ,菊园新区管委会
5011000001430 ,菊园新区管委会
5011000001643 ,菊园新区管委会
5011000001651 ,菊园新区管委会
5011000001651 ,菊园新区管委会
5011000001798 ,菊园新区管委会
5011000002273 ,菊园新区管委会
5011000002644 ,菊园新区管委会
5011000002786 ,菊园新区管委会
5011000003266 ,菊园新区管委会
5011000003266 ,菊园新区管委会
5011000003507 ,菊园新区管委会
5011000003640 ,菊园新区管委会
5011000004127 ,菊园新区管委会
5011000004405 ,菊园新区管委会
5011000004652 ,菊园新区管委会
5011000004652 ,菊园新区管委会
5011000004924 ,菊园新区管委会
5011000005072 ,菊园新区管委会
5011000005536 ,菊园新区管委会
5011000009039 ,菊园新区管委会
5011000009082 ,菊园新区管委会
5011000009197 ,菊园新区管委会
5011000009263 ,菊园新区管委会
5011000009660 ,菊园新区管委会
5011000009809 ,菊园新区管委会
5011000010204 ,菊园新区管委会
5011000010263 ,菊园新区管委会
5011000010434 ,菊园新区管委会
5011000010590 ,菊园新区管委会
5011000010591 ,菊园新区管委会
5011000010669 ,菊园新区管委会
5011000010669 ,菊园新区管委会
5011000010750 ,菊园新区管委会
5011000010809 ,菊园新区管委会
5011000011149 ,菊园新区管委会
5011000011572 ,菊园新区管委会
5011000011948 ,菊园新区管委会
5011000012020 ,菊园新区管委会
5011000012362 ,菊园新区管委会
5011000012473 ,菊园新区管委会
5011000012827 ,菊园新区管委会
5011000013124 ,菊园新区管委会
5011000013826 ,菊园新区管委会
5011000014300 ,菊园新区管委会
5011000014688 ,菊园新区管委会
5011000017975 ,菊园新区管委会
5011000018532 ,菊园新区管委会
5011000018532 ,菊园新区管委会
5011000018752 ,菊园新区管委会
5011000018965 ,菊园新区管委会
5011000019070 ,菊园新区管委会
5011000019694 ,菊园新区管委会
5011000019776 ,菊园新区管委会
5011000019854 ,菊园新区管委会
5011000020550 ,菊园新区管委会
5011102205827 ,菊园新区管委会
5011102205827 ,菊园新区管委会
5011102210025 ,菊园新区管委会
5011102210101 ,菊园新区管委会
5011102210260 ,菊园新区管委会
5011102210285 ,菊园新区管委会
5011102210285 ,菊园新区管委会
5011102210298 ,菊园新区管委会
5011102210324 ,菊园新区管委会
5011102210338 ,菊园新区管委会
5011102210397 ,菊园新区管委会
5011102210419 ,菊园新区管委会
5011102210427 ,菊园新区管委会
5011102210429 ,菊园新区管委会
5011748318393230 ,菊园新区管委会
5012270213279430 ,菊园新区管委会
5016389371080630 ,菊园新区管委会
5016389371080690 ,菊园新区管委会
5016389495337860 ,菊园新区管委会
5016389501103150 ,菊园新区管委会
5016389506369650 ,菊园新区管委会
5016389506369790 ,菊园新区管委会
5016389506370130 ,菊园新区管委会
5016612386442480 ,菊园新区管委会
5020020577298910 ,菊园新区管委会
509821540057229 ,菊园新区管委会
509821540057253 ,菊园新区管委会
509821540057536 ,菊园新区管委会
509977363955717 ,菊园新区管委会
5011000000381 ,马陆镇
5011000000784 ,马陆镇
5011000000947 ,马陆镇
5011000001161 ,马陆镇
5011000001161 ,马陆镇
5011000001687 ,马陆镇
5011000002052 ,马陆镇
5011000002168 ,马陆镇
5011000002778 ,马陆镇
5011000002778 ,马陆镇
5011000004104 ,马陆镇
5011000004441 ,马陆镇
5011000004527 ,马陆镇
5011000005539 ,马陆镇
5011000006971 ,马陆镇
5011000009630 ,马陆镇
5011000009663 ,马陆镇
5011000010990 ,马陆镇
5011000011606 ,马陆镇
5011000012549 ,马陆镇
5011000013005 ,马陆镇
5011000013005 ,马陆镇
5011000013005 ,马陆镇
5011000013196 ,马陆镇
5011000014450 ,马陆镇
5011000014505 ,马陆镇
5011000014828 ,马陆镇
5011000019380 ,马陆镇
5011000019698 ,马陆镇
5011000019723 ,马陆镇
5011000020517 ,马陆镇
5011000020534 ,马陆镇
5011063883530 ,马陆镇
5011102209538 ,马陆镇
5011102209936 ,马陆镇
5011102210088 ,马陆镇
5011102210183 ,马陆镇
5011588639404430 ,马陆镇
5011633595789960 ,马陆镇
5012270213279550 ,马陆镇
5012965682622070 ,马陆镇
5012970443682510 ,马陆镇
5013645832268870 ,马陆镇
5015483934880440 ,马陆镇
5015621580950870 ,马陆镇
5016389398891320 ,马陆镇
5016389495337520 ,马陆镇
5016389495337910 ,马陆镇
5016389501103290 ,马陆镇
5016389543047460 ,马陆镇
509821540057999 ,马陆镇
509977363956221 ,马陆镇
5010338597089060 ,南翔镇
5011000000446 ,南翔镇
5011000000663 ,南翔镇
5011000000770 ,南翔镇
5011000000804 ,南翔镇
5011000000945 ,南翔镇
5011000000948 ,南翔镇
5011000001215 ,南翔镇
5011000001224 ,南翔镇
5011000001267 ,南翔镇
5011000001338 ,南翔镇
5011000001360 ,南翔镇
5011000001477 ,南翔镇
5011000001580 ,南翔镇
5011000001988 ,南翔镇
5011000001988 ,南翔镇
5011000001988 ,南翔镇
5011000001988 ,南翔镇
5011000002421 ,南翔镇
5011000002516 ,南翔镇
5011000002847 ,南翔镇
5011000003539 ,南翔镇
5011000003539 ,南翔镇
5011000003889 ,南翔镇
5011000004178 ,南翔镇
